Date,Admission_Month,Admission_Year,Admission_Quarter,Admission_Day,Year,Month_Number
01-Jul-20,July,2020,3,Wednesday,2020,7
02-Jul-20,July,2020,3,Thursday,2020,7
03-Jul-20,July,2020,3,Friday,2020,7
04-Jul-20,July,2020,3,Saturday,2020,7
05-Jul-20,July,2020,3,Sunday,2020,7
06-Jul-20,July,2020,3,Monday,2020,7
07-Jul-20,July,2020,3,Tuesday,2020,7
08-Jul-20,July,2020,3,Wednesday,2020,7
09-Jul-20,July,2020,3,Thursday,2020,7
10-Jul-20,July,2020,3,Friday,2020,7
11-Jul-20,July,2020,3,Saturday,2020,7
12-Jul-20,July,2020,3,Sunday,2020,7
13-Jul-20,July,2020,3,Monday,2020,7
14-Jul-20,July,2020,3,Tuesday,2020,7
15-Jul-20,July,2020,3,Wednesday,2020,7
16-Jul-20,July,2020,3,Thursday,2020,7
17-Jul-20,July,2020,3,Friday,2020,7
18-Jul-20,July,2020,3,Saturday,2020,7
19-Jul-20,July,2020,3,Sunday,2020,7
20-Jul-20,July,2020,3,Monday,2020,7
21-Jul-20,July,2020,3,Tuesday,2020,7
22-Jul-20,July,2020,3,Wednesday,2020,7
23-Jul-20,July,2020,3,Thursday,2020,7
24-Jul-20,July,2020,3,Friday,2020,7
25-Jul-20,July,2020,3,Saturday,2020,7
26-Jul-20,July,2020,3,Sunday,2020,7
27-Jul-20,July,2020,3,Monday,2020,7
28-Jul-20,July,2020,3,Tuesday,2020,7
29-Jul-20,July,2020,3,Wednesday,2020,7
30-Jul-20,July,2020,3,Thursday,2020,7
31-Jul-20,July,2020,3,Friday,2020,7
01-Aug-20,August,2020,3,Saturday,2020,8
02-Aug-20,August,2020,3,Sunday,2020,8
03-Aug-20,August,2020,3,Monday,2020,8
04-Aug-20,August,2020,3,Tuesday,2020,8
05-Aug-20,August,2020,3,Wednesday,2020,8
06-Aug-20,August,2020,3,Thursday,2020,8
07-Aug-20,August,2020,3,Friday,2020,8
08-Aug-20,August,2020,3,Saturday,2020,8
09-Aug-20,August,2020,3,Sunday,2020,8
10-Aug-20,August,2020,3,Monday,2020,8
11-Aug-20,August,2020,3,Tuesday,2020,8
12-Aug-20,August,2020,3,Wednesday,2020,8
13-Aug-20,August,2020,3,Thursday,2020,8
14-Aug-20,August,2020,3,Friday,2020,8
15-Aug-20,August,2020,3,Saturday,2020,8
16-Aug-20,August,2020,3,Sunday,2020,8
17-Aug-20,August,2020,3,Monday,2020,8
18-Aug-20,August,2020,3,Tuesday,2020,8
19-Aug-20,August,2020,3,Wednesday,2020,8
20-Aug-20,August,2020,3,Thursday,2020,8
21-Aug-20,August,2020,3,Friday,2020,8
22-Aug-20,August,2020,3,Saturday,2020,8
23-Aug-20,August,2020,3,Sunday,2020,8
24-Aug-20,August,2020,3,Monday,2020,8
25-Aug-20,August,2020,3,Tuesday,2020,8
26-Aug-20,August,2020,3,Wednesday,2020,8
27-Aug-20,August,2020,3,Thursday,2020,8
28-Aug-20,August,2020,3,Friday,2020,8
29-Aug-20,August,2020,3,Saturday,2020,8
30-Aug-20,August,2020,3,Sunday,2020,8
31-Aug-20,August,2020,3,Monday,2020,8
01-Sep-20,September,2020,3,Tuesday,2020,9
02-Sep-20,September,2020,3,Wednesday,2020,9
03-Sep-20,September,2020,3,Thursday,2020,9
04-Sep-20,September,2020,3,Friday,2020,9
05-Sep-20,September,2020,3,Saturday,2020,9
06-Sep-20,September,2020,3,Sunday,2020,9
07-Sep-20,September,2020,3,Monday,2020,9
08-Sep-20,September,2020,3,Tuesday,2020,9
09-Sep-20,September,2020,3,Wednesday,2020,9
10-Sep-20,September,2020,3,Thursday,2020,9
11-Sep-20,September,2020,3,Friday,2020,9
12-Sep-20,September,2020,3,Saturday,2020,9
13-Sep-20,September,2020,3,Sunday,2020,9
14-Sep-20,September,2020,3,Monday,2020,9
15-Sep-20,September,2020,3,Tuesday,2020,9
16-Sep-20,September,2020,3,Wednesday,2020,9
17-Sep-20,September,2020,3,Thursday,2020,9
18-Sep-20,September,2020,3,Friday,2020,9
19-Sep-20,September,2020,3,Saturday,2020,9
20-Sep-20,September,2020,3,Sunday,2020,9
21-Sep-20,September,2020,3,Monday,2020,9
22-Sep-20,September,2020,3,Tuesday,2020,9
23-Sep-20,September,2020,3,Wednesday,2020,9
24-Sep-20,September,2020,3,Thursday,2020,9
25-Sep-20,September,2020,3,Friday,2020,9
26-Sep-20,September,2020,3,Saturday,2020,9
27-Sep-20,September,2020,3,Sunday,2020,9
28-Sep-20,September,2020,3,Monday,2020,9
29-Sep-20,September,2020,3,Tuesday,2020,9
30-Sep-20,September,2020,3,Wednesday,2020,9
01-Jan-20,January,2020,1,Wednesday,2020,1
02-Jan-20,January,2020,1,Thursday,2020,1
03-Jan-20,January,2020,1,Friday,2020,1
04-Jan-20,January,2020,1,Saturday,2020,1
05-Jan-20,January,2020,1,Sunday,2020,1
06-Jan-20,January,2020,1,Monday,2020,1
07-Jan-20,January,2020,1,Tuesday,2020,1
08-Jan-20,January,2020,1,Wednesday,2020,1
09-Jan-20,January,2020,1,Thursday,2020,1
10-Jan-20,January,2020,1,Friday,2020,1
11-Jan-20,January,2020,1,Saturday,2020,1
12-Jan-20,January,2020,1,Sunday,2020,1
13-Jan-20,January,2020,1,Monday,2020,1
14-Jan-20,January,2020,1,Tuesday,2020,1
15-Jan-20,January,2020,1,Wednesday,2020,1
16-Jan-20,January,2020,1,Thursday,2020,1
17-Jan-20,January,2020,1,Friday,2020,1
18-Jan-20,January,2020,1,Saturday,2020,1
19-Jan-20,January,2020,1,Sunday,2020,1
20-Jan-20,January,2020,1,Monday,2020,1
21-Jan-20,January,2020,1,Tuesday,2020,1
22-Jan-20,January,2020,1,Wednesday,2020,1
23-Jan-20,January,2020,1,Thursday,2020,1
24-Jan-20,January,2020,1,Friday,2020,1
25-Jan-20,January,2020,1,Saturday,2020,1
26-Jan-20,January,2020,1,Sunday,2020,1
27-Jan-20,January,2020,1,Monday,2020,1
28-Jan-20,January,2020,1,Tuesday,2020,1
29-Jan-20,January,2020,1,Wednesday,2020,1
30-Jan-20,January,2020,1,Thursday,2020,1
31-Jan-20,January,2020,1,Friday,2020,1
01-Feb-20,February,2020,1,Saturday,2020,2
02-Feb-20,February,2020,1,Sunday,2020,2
03-Feb-20,February,2020,1,Monday,2020,2
04-Feb-20,February,2020,1,Tuesday,2020,2
05-Feb-20,February,2020,1,Wednesday,2020,2
06-Feb-20,February,2020,1,Thursday,2020,2
07-Feb-20,February,2020,1,Friday,2020,2
08-Feb-20,February,2020,1,Saturday,2020,2
09-Feb-20,February,2020,1,Sunday,2020,2
10-Feb-20,February,2020,1,Monday,2020,2
11-Feb-20,February,2020,1,Tuesday,2020,2
12-Feb-20,February,2020,1,Wednesday,2020,2
13-Feb-20,February,2020,1,Thursday,2020,2
14-Feb-20,February,2020,1,Friday,2020,2
15-Feb-20,February,2020,1,Saturday,2020,2
16-Feb-20,February,2020,1,Sunday,2020,2
17-Feb-20,February,2020,1,Monday,2020,2
18-Feb-20,February,2020,1,Tuesday,2020,2
19-Feb-20,February,2020,1,Wednesday,2020,2
20-Feb-20,February,2020,1,Thursday,2020,2
21-Feb-20,February,2020,1,Friday,2020,2
22-Feb-20,February,2020,1,Saturday,2020,2
23-Feb-20,February,2020,1,Sunday,2020,2
24-Feb-20,February,2020,1,Monday,2020,2
25-Feb-20,February,2020,1,Tuesday,2020,2
26-Feb-20,February,2020,1,Wednesday,2020,2
27-Feb-20,February,2020,1,Thursday,2020,2
28-Feb-20,February,2020,1,Friday,2020,2
29-Feb-20,February,2020,1,Saturday,2020,2
01-Mar-20,March,2020,1,Sunday,2020,3
02-Mar-20,March,2020,1,Monday,2020,3
03-Mar-20,March,2020,1,Tuesday,2020,3
04-Mar-20,March,2020,1,Wednesday,2020,3
05-Mar-20,March,2020,1,Thursday,2020,3
06-Mar-20,March,2020,1,Friday,2020,3
07-Mar-20,March,2020,1,Saturday,2020,3
08-Mar-20,March,2020,1,Sunday,2020,3
09-Mar-20,March,2020,1,Monday,2020,3
10-Mar-20,March,2020,1,Tuesday,2020,3
11-Mar-20,March,2020,1,Wednesday,2020,3
12-Mar-20,March,2020,1,Thursday,2020,3
13-Mar-20,March,2020,1,Friday,2020,3
14-Mar-20,March,2020,1,Saturday,2020,3
15-Mar-20,March,2020,1,Sunday,2020,3
16-Mar-20,March,2020,1,Monday,2020,3
17-Mar-20,March,2020,1,Tuesday,2020,3
18-Mar-20,March,2020,1,Wednesday,2020,3
19-Mar-20,March,2020,1,Thursday,2020,3
20-Mar-20,March,2020,1,Friday,2020,3
21-Mar-20,March,2020,1,Saturday,2020,3
22-Mar-20,March,2020,1,Sunday,2020,3
23-Mar-20,March,2020,1,Monday,2020,3
24-Mar-20,March,2020,1,Tuesday,2020,3
25-Mar-20,March,2020,1,Wednesday,2020,3
26-Mar-20,March,2020,1,Thursday,2020,3
27-Mar-20,March,2020,1,Friday,2020,3
28-Mar-20,March,2020,1,Saturday,2020,3
29-Mar-20,March,2020,1,Sunday,2020,3
30-Mar-20,March,2020,1,Monday,2020,3
31-Mar-20,March,2020,1,Tuesday,2020,3
01-Apr-20,April,2020,2,Wednesday,2020,4
02-Apr-20,April,2020,2,Thursday,2020,4
03-Apr-20,April,2020,2,Friday,2020,4
04-Apr-20,April,2020,2,Saturday,2020,4
05-Apr-20,April,2020,2,Sunday,2020,4
06-Apr-20,April,2020,2,Monday,2020,4
07-Apr-20,April,2020,2,Tuesday,2020,4
08-Apr-20,April,2020,2,Wednesday,2020,4
09-Apr-20,April,2020,2,Thursday,2020,4
10-Apr-20,April,2020,2,Friday,2020,4
11-Apr-20,April,2020,2,Saturday,2020,4
12-Apr-20,April,2020,2,Sunday,2020,4
13-Apr-20,April,2020,2,Monday,2020,4
14-Apr-20,April,2020,2,Tuesday,2020,4
15-Apr-20,April,2020,2,Wednesday,2020,4
16-Apr-20,April,2020,2,Thursday,2020,4
17-Apr-20,April,2020,2,Friday,2020,4
18-Apr-20,April,2020,2,Saturday,2020,4
19-Apr-20,April,2020,2,Sunday,2020,4
20-Apr-20,April,2020,2,Monday,2020,4
21-Apr-20,April,2020,2,Tuesday,2020,4
22-Apr-20,April,2020,2,Wednesday,2020,4
23-Apr-20,April,2020,2,Thursday,2020,4
24-Apr-20,April,2020,2,Friday,2020,4
25-Apr-20,April,2020,2,Saturday,2020,4
26-Apr-20,April,2020,2,Sunday,2020,4
27-Apr-20,April,2020,2,Monday,2020,4
28-Apr-20,April,2020,2,Tuesday,2020,4
29-Apr-20,April,2020,2,Wednesday,2020,4
30-Apr-20,April,2020,2,Thursday,2020,4
01-May-20,May,2020,2,Friday,2020,5
02-May-20,May,2020,2,Saturday,2020,5
03-May-20,May,2020,2,Sunday,2020,5
04-May-20,May,2020,2,Monday,2020,5
05-May-20,May,2020,2,Tuesday,2020,5
06-May-20,May,2020,2,Wednesday,2020,5
07-May-20,May,2020,2,Thursday,2020,5
08-May-20,May,2020,2,Friday,2020,5
09-May-20,May,2020,2,Saturday,2020,5
10-May-20,May,2020,2,Sunday,2020,5
11-May-20,May,2020,2,Monday,2020,5
12-May-20,May,2020,2,Tuesday,2020,5
13-May-20,May,2020,2,Wednesday,2020,5
14-May-20,May,2020,2,Thursday,2020,5
15-May-20,May,2020,2,Friday,2020,5
16-May-20,May,2020,2,Saturday,2020,5
17-May-20,May,2020,2,Sunday,2020,5
18-May-20,May,2020,2,Monday,2020,5
19-May-20,May,2020,2,Tuesday,2020,5
20-May-20,May,2020,2,Wednesday,2020,5
21-May-20,May,2020,2,Thursday,2020,5
22-May-20,May,2020,2,Friday,2020,5
23-May-20,May,2020,2,Saturday,2020,5
24-May-20,May,2020,2,Sunday,2020,5
25-May-20,May,2020,2,Monday,2020,5
26-May-20,May,2020,2,Tuesday,2020,5
27-May-20,May,2020,2,Wednesday,2020,5
28-May-20,May,2020,2,Thursday,2020,5
29-May-20,May,2020,2,Friday,2020,5
30-May-20,May,2020,2,Saturday,2020,5
31-May-20,May,2020,2,Sunday,2020,5
01-Jun-20,June,2020,2,Monday,2020,6
02-Jun-20,June,2020,2,Tuesday,2020,6
03-Jun-20,June,2020,2,Wednesday,2020,6
04-Jun-20,June,2020,2,Thursday,2020,6
05-Jun-20,June,2020,2,Friday,2020,6
06-Jun-20,June,2020,2,Saturday,2020,6
07-Jun-20,June,2020,2,Sunday,2020,6
08-Jun-20,June,2020,2,Monday,2020,6
09-Jun-20,June,2020,2,Tuesday,2020,6
10-Jun-20,June,2020,2,Wednesday,2020,6
11-Jun-20,June,2020,2,Thursday,2020,6
12-Jun-20,June,2020,2,Friday,2020,6
13-Jun-20,June,2020,2,Saturday,2020,6
14-Jun-20,June,2020,2,Sunday,2020,6
15-Jun-20,June,2020,2,Monday,2020,6
16-Jun-20,June,2020,2,Tuesday,2020,6
17-Jun-20,June,2020,2,Wednesday,2020,6
18-Jun-20,June,2020,2,Thursday,2020,6
19-Jun-20,June,2020,2,Friday,2020,6
20-Jun-20,June,2020,2,Saturday,2020,6
21-Jun-20,June,2020,2,Sunday,2020,6
22-Jun-20,June,2020,2,Monday,2020,6
23-Jun-20,June,2020,2,Tuesday,2020,6
24-Jun-20,June,2020,2,Wednesday,2020,6
25-Jun-20,June,2020,2,Thursday,2020,6
26-Jun-20,June,2020,2,Friday,2020,6
27-Jun-20,June,2020,2,Saturday,2020,6
28-Jun-20,June,2020,2,Sunday,2020,6
29-Jun-20,June,2020,2,Monday,2020,6
30-Jun-20,June,2020,2,Tuesday,2020,6
01-Oct-20,October,2020,4,Thursday,2020,10
02-Oct-20,October,2020,4,Friday,2020,10
03-Oct-20,October,2020,4,Saturday,2020,10
04-Oct-20,October,2020,4,Sunday,2020,10
05-Oct-20,October,2020,4,Monday,2020,10
06-Oct-20,October,2020,4,Tuesday,2020,10
07-Oct-20,October,2020,4,Wednesday,2020,10
08-Oct-20,October,2020,4,Thursday,2020,10
09-Oct-20,October,2020,4,Friday,2020,10
10-Oct-20,October,2020,4,Saturday,2020,10
11-Oct-20,October,2020,4,Sunday,2020,10
12-Oct-20,October,2020,4,Monday,2020,10
13-Oct-20,October,2020,4,Tuesday,2020,10
14-Oct-20,October,2020,4,Wednesday,2020,10
15-Oct-20,October,2020,4,Thursday,2020,10
16-Oct-20,October,2020,4,Friday,2020,10
17-Oct-20,October,2020,4,Saturday,2020,10
18-Oct-20,October,2020,4,Sunday,2020,10
19-Oct-20,October,2020,4,Monday,2020,10
20-Oct-20,October,2020,4,Tuesday,2020,10
21-Oct-20,October,2020,4,Wednesday,2020,10
22-Oct-20,October,2020,4,Thursday,2020,10
23-Oct-20,October,2020,4,Friday,2020,10
24-Oct-20,October,2020,4,Saturday,2020,10
25-Oct-20,October,2020,4,Sunday,2020,10
26-Oct-20,October,2020,4,Monday,2020,10
27-Oct-20,October,2020,4,Tuesday,2020,10
28-Oct-20,October,2020,4,Wednesday,2020,10
29-Oct-20,October,2020,4,Thursday,2020,10
30-Oct-20,October,2020,4,Friday,2020,10
31-Oct-20,October,2020,4,Saturday,2020,10
01-Nov-20,November,2020,4,Sunday,2020,11
02-Nov-20,November,2020,4,Monday,2020,11
03-Nov-20,November,2020,4,Tuesday,2020,11
04-Nov-20,November,2020,4,Wednesday,2020,11
05-Nov-20,November,2020,4,Thursday,2020,11
06-Nov-20,November,2020,4,Friday,2020,11
07-Nov-20,November,2020,4,Saturday,2020,11
08-Nov-20,November,2020,4,Sunday,2020,11
09-Nov-20,November,2020,4,Monday,2020,11
10-Nov-20,November,2020,4,Tuesday,2020,11
11-Nov-20,November,2020,4,Wednesday,2020,11
12-Nov-20,November,2020,4,Thursday,2020,11
13-Nov-20,November,2020,4,Friday,2020,11
14-Nov-20,November,2020,4,Saturday,2020,11
15-Nov-20,November,2020,4,Sunday,2020,11
16-Nov-20,November,2020,4,Monday,2020,11
17-Nov-20,November,2020,4,Tuesday,2020,11
18-Nov-20,November,2020,4,Wednesday,2020,11
19-Nov-20,November,2020,4,Thursday,2020,11
20-Nov-20,November,2020,4,Friday,2020,11
21-Nov-20,November,2020,4,Saturday,2020,11
22-Nov-20,November,2020,4,Sunday,2020,11
23-Nov-20,November,2020,4,Monday,2020,11
24-Nov-20,November,2020,4,Tuesday,2020,11
25-Nov-20,November,2020,4,Wednesday,2020,11
26-Nov-20,November,2020,4,Thursday,2020,11
27-Nov-20,November,2020,4,Friday,2020,11
28-Nov-20,November,2020,4,Saturday,2020,11
29-Nov-20,November,2020,4,Sunday,2020,11
30-Nov-20,November,2020,4,Monday,2020,11
01-Dec-20,December,2020,4,Tuesday,2020,12
02-Dec-20,December,2020,4,Wednesday,2020,12
03-Dec-20,December,2020,4,Thursday,2020,12
04-Dec-20,December,2020,4,Friday,2020,12
05-Dec-20,December,2020,4,Saturday,2020,12
06-Dec-20,December,2020,4,Sunday,2020,12
07-Dec-20,December,2020,4,Monday,2020,12
08-Dec-20,December,2020,4,Tuesday,2020,12
09-Dec-20,December,2020,4,Wednesday,2020,12
10-Dec-20,December,2020,4,Thursday,2020,12
11-Dec-20,December,2020,4,Friday,2020,12
12-Dec-20,December,2020,4,Saturday,2020,12
13-Dec-20,December,2020,4,Sunday,2020,12
14-Dec-20,December,2020,4,Monday,2020,12
15-Dec-20,December,2020,4,Tuesday,2020,12
16-Dec-20,December,2020,4,Wednesday,2020,12
17-Dec-20,December,2020,4,Thursday,2020,12
18-Dec-20,December,2020,4,Friday,2020,12
19-Dec-20,December,2020,4,Saturday,2020,12
20-Dec-20,December,2020,4,Sunday,2020,12
21-Dec-20,December,2020,4,Monday,2020,12
22-Dec-20,December,2020,4,Tuesday,2020,12
23-Dec-20,December,2020,4,Wednesday,2020,12
24-Dec-20,December,2020,4,Thursday,2020,12
25-Dec-20,December,2020,4,Friday,2020,12
26-Dec-20,December,2020,4,Saturday,2020,12
27-Dec-20,December,2020,4,Sunday,2020,12
28-Dec-20,December,2020,4,Monday,2020,12
29-Dec-20,December,2020,4,Tuesday,2020,12
30-Dec-20,December,2020,4,Wednesday,2020,12
31-Dec-20,December,2020,4,Thursday,2020,12
01-Jan-21,January,2021,1,Friday,2021,1
02-Jan-21,January,2021,1,Saturday,2021,1
03-Jan-21,January,2021,1,Sunday,2021,1
04-Jan-21,January,2021,1,Monday,2021,1
05-Jan-21,January,2021,1,Tuesday,2021,1
06-Jan-21,January,2021,1,Wednesday,2021,1
07-Jan-21,January,2021,1,Thursday,2021,1
08-Jan-21,January,2021,1,Friday,2021,1
09-Jan-21,January,2021,1,Saturday,2021,1
10-Jan-21,January,2021,1,Sunday,2021,1
11-Jan-21,January,2021,1,Monday,2021,1
12-Jan-21,January,2021,1,Tuesday,2021,1
13-Jan-21,January,2021,1,Wednesday,2021,1
14-Jan-21,January,2021,1,Thursday,2021,1
15-Jan-21,January,2021,1,Friday,2021,1
16-Jan-21,January,2021,1,Saturday,2021,1
17-Jan-21,January,2021,1,Sunday,2021,1
18-Jan-21,January,2021,1,Monday,2021,1
19-Jan-21,January,2021,1,Tuesday,2021,1
20-Jan-21,January,2021,1,Wednesday,2021,1
21-Jan-21,January,2021,1,Thursday,2021,1
22-Jan-21,January,2021,1,Friday,2021,1
23-Jan-21,January,2021,1,Saturday,2021,1
24-Jan-21,January,2021,1,Sunday,2021,1
25-Jan-21,January,2021,1,Monday,2021,1
26-Jan-21,January,2021,1,Tuesday,2021,1
27-Jan-21,January,2021,1,Wednesday,2021,1
28-Jan-21,January,2021,1,Thursday,2021,1
29-Jan-21,January,2021,1,Friday,2021,1
30-Jan-21,January,2021,1,Saturday,2021,1
31-Jan-21,January,2021,1,Sunday,2021,1
01-Feb-21,February,2021,1,Monday,2021,2
02-Feb-21,February,2021,1,Tuesday,2021,2
03-Feb-21,February,2021,1,Wednesday,2021,2
04-Feb-21,February,2021,1,Thursday,2021,2
05-Feb-21,February,2021,1,Friday,2021,2
06-Feb-21,February,2021,1,Saturday,2021,2
07-Feb-21,February,2021,1,Sunday,2021,2
08-Feb-21,February,2021,1,Monday,2021,2
09-Feb-21,February,2021,1,Tuesday,2021,2
10-Feb-21,February,2021,1,Wednesday,2021,2
11-Feb-21,February,2021,1,Thursday,2021,2
12-Feb-21,February,2021,1,Friday,2021,2
13-Feb-21,February,2021,1,Saturday,2021,2
14-Feb-21,February,2021,1,Sunday,2021,2
15-Feb-21,February,2021,1,Monday,2021,2
16-Feb-21,February,2021,1,Tuesday,2021,2
17-Feb-21,February,2021,1,Wednesday,2021,2
18-Feb-21,February,2021,1,Thursday,2021,2
19-Feb-21,February,2021,1,Friday,2021,2
20-Feb-21,February,2021,1,Saturday,2021,2
21-Feb-21,February,2021,1,Sunday,2021,2
22-Feb-21,February,2021,1,Monday,2021,2
23-Feb-21,February,2021,1,Tuesday,2021,2
24-Feb-21,February,2021,1,Wednesday,2021,2
25-Feb-21,February,2021,1,Thursday,2021,2
26-Feb-21,February,2021,1,Friday,2021,2
27-Feb-21,February,2021,1,Saturday,2021,2
28-Feb-21,February,2021,1,Sunday,2021,2
01-Mar-21,March,2021,1,Monday,2021,3
02-Mar-21,March,2021,1,Tuesday,2021,3
03-Mar-21,March,2021,1,Wednesday,2021,3
04-Mar-21,March,2021,1,Thursday,2021,3
05-Mar-21,March,2021,1,Friday,2021,3
06-Mar-21,March,2021,1,Saturday,2021,3
07-Mar-21,March,2021,1,Sunday,2021,3
08-Mar-21,March,2021,1,Monday,2021,3
09-Mar-21,March,2021,1,Tuesday,2021,3
10-Mar-21,March,2021,1,Wednesday,2021,3
11-Mar-21,March,2021,1,Thursday,2021,3
12-Mar-21,March,2021,1,Friday,2021,3
13-Mar-21,March,2021,1,Saturday,2021,3
14-Mar-21,March,2021,1,Sunday,2021,3
15-Mar-21,March,2021,1,Monday,2021,3
16-Mar-21,March,2021,1,Tuesday,2021,3
17-Mar-21,March,2021,1,Wednesday,2021,3
18-Mar-21,March,2021,1,Thursday,2021,3
19-Mar-21,March,2021,1,Friday,2021,3
20-Mar-21,March,2021,1,Saturday,2021,3
21-Mar-21,March,2021,1,Sunday,2021,3
22-Mar-21,March,2021,1,Monday,2021,3
23-Mar-21,March,2021,1,Tuesday,2021,3
24-Mar-21,March,2021,1,Wednesday,2021,3
25-Mar-21,March,2021,1,Thursday,2021,3
26-Mar-21,March,2021,1,Friday,2021,3
27-Mar-21,March,2021,1,Saturday,2021,3
28-Mar-21,March,2021,1,Sunday,2021,3
29-Mar-21,March,2021,1,Monday,2021,3
30-Mar-21,March,2021,1,Tuesday,2021,3
31-Mar-21,March,2021,1,Wednesday,2021,3
01-Oct-21,October,2021,4,Friday,2021,10
02-Oct-21,October,2021,4,Saturday,2021,10
03-Oct-21,October,2021,4,Sunday,2021,10
04-Oct-21,October,2021,4,Monday,2021,10
05-Oct-21,October,2021,4,Tuesday,2021,10
06-Oct-21,October,2021,4,Wednesday,2021,10
07-Oct-21,October,2021,4,Thursday,2021,10
08-Oct-21,October,2021,4,Friday,2021,10
09-Oct-21,October,2021,4,Saturday,2021,10
10-Oct-21,October,2021,4,Sunday,2021,10
11-Oct-21,October,2021,4,Monday,2021,10
12-Oct-21,October,2021,4,Tuesday,2021,10
13-Oct-21,October,2021,4,Wednesday,2021,10
14-Oct-21,October,2021,4,Thursday,2021,10
15-Oct-21,October,2021,4,Friday,2021,10
16-Oct-21,October,2021,4,Saturday,2021,10
17-Oct-21,October,2021,4,Sunday,2021,10
18-Oct-21,October,2021,4,Monday,2021,10
19-Oct-21,October,2021,4,Tuesday,2021,10
20-Oct-21,October,2021,4,Wednesday,2021,10
21-Oct-21,October,2021,4,Thursday,2021,10
22-Oct-21,October,2021,4,Friday,2021,10
23-Oct-21,October,2021,4,Saturday,2021,10
24-Oct-21,October,2021,4,Sunday,2021,10
25-Oct-21,October,2021,4,Monday,2021,10
26-Oct-21,October,2021,4,Tuesday,2021,10
27-Oct-21,October,2021,4,Wednesday,2021,10
28-Oct-21,October,2021,4,Thursday,2021,10
29-Oct-21,October,2021,4,Friday,2021,10
30-Oct-21,October,2021,4,Saturday,2021,10
31-Oct-21,October,2021,4,Sunday,2021,10
01-Nov-21,November,2021,4,Monday,2021,11
02-Nov-21,November,2021,4,Tuesday,2021,11
03-Nov-21,November,2021,4,Wednesday,2021,11
04-Nov-21,November,2021,4,Thursday,2021,11
05-Nov-21,November,2021,4,Friday,2021,11
06-Nov-21,November,2021,4,Saturday,2021,11
07-Nov-21,November,2021,4,Sunday,2021,11
08-Nov-21,November,2021,4,Monday,2021,11
09-Nov-21,November,2021,4,Tuesday,2021,11
10-Nov-21,November,2021,4,Wednesday,2021,11
11-Nov-21,November,2021,4,Thursday,2021,11
12-Nov-21,November,2021,4,Friday,2021,11
13-Nov-21,November,2021,4,Saturday,2021,11
14-Nov-21,November,2021,4,Sunday,2021,11
15-Nov-21,November,2021,4,Monday,2021,11
16-Nov-21,November,2021,4,Tuesday,2021,11
17-Nov-21,November,2021,4,Wednesday,2021,11
18-Nov-21,November,2021,4,Thursday,2021,11
19-Nov-21,November,2021,4,Friday,2021,11
20-Nov-21,November,2021,4,Saturday,2021,11
21-Nov-21,November,2021,4,Sunday,2021,11
22-Nov-21,November,2021,4,Monday,2021,11
23-Nov-21,November,2021,4,Tuesday,2021,11
24-Nov-21,November,2021,4,Wednesday,2021,11
25-Nov-21,November,2021,4,Thursday,2021,11
26-Nov-21,November,2021,4,Friday,2021,11
27-Nov-21,November,2021,4,Saturday,2021,11
28-Nov-21,November,2021,4,Sunday,2021,11
29-Nov-21,November,2021,4,Monday,2021,11
30-Nov-21,November,2021,4,Tuesday,2021,11
01-Dec-21,December,2021,4,Wednesday,2021,12
02-Dec-21,December,2021,4,Thursday,2021,12
03-Dec-21,December,2021,4,Friday,2021,12
04-Dec-21,December,2021,4,Saturday,2021,12
05-Dec-21,December,2021,4,Sunday,2021,12
06-Dec-21,December,2021,4,Monday,2021,12
07-Dec-21,December,2021,4,Tuesday,2021,12
08-Dec-21,December,2021,4,Wednesday,2021,12
09-Dec-21,December,2021,4,Thursday,2021,12
10-Dec-21,December,2021,4,Friday,2021,12
11-Dec-21,December,2021,4,Saturday,2021,12
12-Dec-21,December,2021,4,Sunday,2021,12
13-Dec-21,December,2021,4,Monday,2021,12
14-Dec-21,December,2021,4,Tuesday,2021,12
15-Dec-21,December,2021,4,Wednesday,2021,12
16-Dec-21,December,2021,4,Thursday,2021,12
17-Dec-21,December,2021,4,Friday,2021,12
18-Dec-21,December,2021,4,Saturday,2021,12
19-Dec-21,December,2021,4,Sunday,2021,12
20-Dec-21,December,2021,4,Monday,2021,12
21-Dec-21,December,2021,4,Tuesday,2021,12
22-Dec-21,December,2021,4,Wednesday,2021,12
23-Dec-21,December,2021,4,Thursday,2021,12
24-Dec-21,December,2021,4,Friday,2021,12
25-Dec-21,December,2021,4,Saturday,2021,12
26-Dec-21,December,2021,4,Sunday,2021,12
27-Dec-21,December,2021,4,Monday,2021,12
28-Dec-21,December,2021,4,Tuesday,2021,12
29-Dec-21,December,2021,4,Wednesday,2021,12
30-Dec-21,December,2021,4,Thursday,2021,12
31-Dec-21,December,2021,4,Friday,2021,12
01-Apr-21,April,2021,2,Thursday,2021,4
02-Apr-21,April,2021,2,Friday,2021,4
03-Apr-21,April,2021,2,Saturday,2021,4
04-Apr-21,April,2021,2,Sunday,2021,4
05-Apr-21,April,2021,2,Monday,2021,4
06-Apr-21,April,2021,2,Tuesday,2021,4
07-Apr-21,April,2021,2,Wednesday,2021,4
08-Apr-21,April,2021,2,Thursday,2021,4
09-Apr-21,April,2021,2,Friday,2021,4
10-Apr-21,April,2021,2,Saturday,2021,4
11-Apr-21,April,2021,2,Sunday,2021,4
12-Apr-21,April,2021,2,Monday,2021,4
13-Apr-21,April,2021,2,Tuesday,2021,4
14-Apr-21,April,2021,2,Wednesday,2021,4
15-Apr-21,April,2021,2,Thursday,2021,4
16-Apr-21,April,2021,2,Friday,2021,4
17-Apr-21,April,2021,2,Saturday,2021,4
18-Apr-21,April,2021,2,Sunday,2021,4
19-Apr-21,April,2021,2,Monday,2021,4
20-Apr-21,April,2021,2,Tuesday,2021,4
21-Apr-21,April,2021,2,Wednesday,2021,4
22-Apr-21,April,2021,2,Thursday,2021,4
23-Apr-21,April,2021,2,Friday,2021,4
24-Apr-21,April,2021,2,Saturday,2021,4
25-Apr-21,April,2021,2,Sunday,2021,4
26-Apr-21,April,2021,2,Monday,2021,4
27-Apr-21,April,2021,2,Tuesday,2021,4
28-Apr-21,April,2021,2,Wednesday,2021,4
29-Apr-21,April,2021,2,Thursday,2021,4
30-Apr-21,April,2021,2,Friday,2021,4
01-May-21,May,2021,2,Saturday,2021,5
02-May-21,May,2021,2,Sunday,2021,5
03-May-21,May,2021,2,Monday,2021,5
04-May-21,May,2021,2,Tuesday,2021,5
05-May-21,May,2021,2,Wednesday,2021,5
06-May-21,May,2021,2,Thursday,2021,5
07-May-21,May,2021,2,Friday,2021,5
08-May-21,May,2021,2,Saturday,2021,5
09-May-21,May,2021,2,Sunday,2021,5
10-May-21,May,2021,2,Monday,2021,5
11-May-21,May,2021,2,Tuesday,2021,5
12-May-21,May,2021,2,Wednesday,2021,5
13-May-21,May,2021,2,Thursday,2021,5
14-May-21,May,2021,2,Friday,2021,5
15-May-21,May,2021,2,Saturday,2021,5
16-May-21,May,2021,2,Sunday,2021,5
17-May-21,May,2021,2,Monday,2021,5
18-May-21,May,2021,2,Tuesday,2021,5
19-May-21,May,2021,2,Wednesday,2021,5
20-May-21,May,2021,2,Thursday,2021,5
21-May-21,May,2021,2,Friday,2021,5
22-May-21,May,2021,2,Saturday,2021,5
23-May-21,May,2021,2,Sunday,2021,5
24-May-21,May,2021,2,Monday,2021,5
25-May-21,May,2021,2,Tuesday,2021,5
26-May-21,May,2021,2,Wednesday,2021,5
27-May-21,May,2021,2,Thursday,2021,5
28-May-21,May,2021,2,Friday,2021,5
29-May-21,May,2021,2,Saturday,2021,5
30-May-21,May,2021,2,Sunday,2021,5
31-May-21,May,2021,2,Monday,2021,5
01-Jun-21,June,2021,2,Tuesday,2021,6
02-Jun-21,June,2021,2,Wednesday,2021,6
03-Jun-21,June,2021,2,Thursday,2021,6
04-Jun-21,June,2021,2,Friday,2021,6
05-Jun-21,June,2021,2,Saturday,2021,6
06-Jun-21,June,2021,2,Sunday,2021,6
07-Jun-21,June,2021,2,Monday,2021,6
08-Jun-21,June,2021,2,Tuesday,2021,6
09-Jun-21,June,2021,2,Wednesday,2021,6
10-Jun-21,June,2021,2,Thursday,2021,6
11-Jun-21,June,2021,2,Friday,2021,6
12-Jun-21,June,2021,2,Saturday,2021,6
13-Jun-21,June,2021,2,Sunday,2021,6
14-Jun-21,June,2021,2,Monday,2021,6
15-Jun-21,June,2021,2,Tuesday,2021,6
16-Jun-21,June,2021,2,Wednesday,2021,6
17-Jun-21,June,2021,2,Thursday,2021,6
18-Jun-21,June,2021,2,Friday,2021,6
19-Jun-21,June,2021,2,Saturday,2021,6
20-Jun-21,June,2021,2,Sunday,2021,6
21-Jun-21,June,2021,2,Monday,2021,6
22-Jun-21,June,2021,2,Tuesday,2021,6
23-Jun-21,June,2021,2,Wednesday,2021,6
24-Jun-21,June,2021,2,Thursday,2021,6
25-Jun-21,June,2021,2,Friday,2021,6
26-Jun-21,June,2021,2,Saturday,2021,6
27-Jun-21,June,2021,2,Sunday,2021,6
28-Jun-21,June,2021,2,Monday,2021,6
29-Jun-21,June,2021,2,Tuesday,2021,6
30-Jun-21,June,2021,2,Wednesday,2021,6
01-Jul-21,July,2021,3,Thursday,2021,7
02-Jul-21,July,2021,3,Friday,2021,7
03-Jul-21,July,2021,3,Saturday,2021,7
04-Jul-21,July,2021,3,Sunday,2021,7
05-Jul-21,July,2021,3,Monday,2021,7
06-Jul-21,July,2021,3,Tuesday,2021,7
07-Jul-21,July,2021,3,Wednesday,2021,7
08-Jul-21,July,2021,3,Thursday,2021,7
09-Jul-21,July,2021,3,Friday,2021,7
10-Jul-21,July,2021,3,Saturday,2021,7
11-Jul-21,July,2021,3,Sunday,2021,7
12-Jul-21,July,2021,3,Monday,2021,7
13-Jul-21,July,2021,3,Tuesday,2021,7
14-Jul-21,July,2021,3,Wednesday,2021,7
15-Jul-21,July,2021,3,Thursday,2021,7
16-Jul-21,July,2021,3,Friday,2021,7
17-Jul-21,July,2021,3,Saturday,2021,7
18-Jul-21,July,2021,3,Sunday,2021,7
19-Jul-21,July,2021,3,Monday,2021,7
20-Jul-21,July,2021,3,Tuesday,2021,7
21-Jul-21,July,2021,3,Wednesday,2021,7
22-Jul-21,July,2021,3,Thursday,2021,7
23-Jul-21,July,2021,3,Friday,2021,7
24-Jul-21,July,2021,3,Saturday,2021,7
25-Jul-21,July,2021,3,Sunday,2021,7
26-Jul-21,July,2021,3,Monday,2021,7
27-Jul-21,July,2021,3,Tuesday,2021,7
28-Jul-21,July,2021,3,Wednesday,2021,7
29-Jul-21,July,2021,3,Thursday,2021,7
30-Jul-21,July,2021,3,Friday,2021,7
31-Jul-21,July,2021,3,Saturday,2021,7
01-Aug-21,August,2021,3,Sunday,2021,8
02-Aug-21,August,2021,3,Monday,2021,8
03-Aug-21,August,2021,3,Tuesday,2021,8
04-Aug-21,August,2021,3,Wednesday,2021,8
05-Aug-21,August,2021,3,Thursday,2021,8
06-Aug-21,August,2021,3,Friday,2021,8
07-Aug-21,August,2021,3,Saturday,2021,8
08-Aug-21,August,2021,3,Sunday,2021,8
09-Aug-21,August,2021,3,Monday,2021,8
10-Aug-21,August,2021,3,Tuesday,2021,8
11-Aug-21,August,2021,3,Wednesday,2021,8
12-Aug-21,August,2021,3,Thursday,2021,8
13-Aug-21,August,2021,3,Friday,2021,8
14-Aug-21,August,2021,3,Saturday,2021,8
15-Aug-21,August,2021,3,Sunday,2021,8
16-Aug-21,August,2021,3,Monday,2021,8
17-Aug-21,August,2021,3,Tuesday,2021,8
18-Aug-21,August,2021,3,Wednesday,2021,8
19-Aug-21,August,2021,3,Thursday,2021,8
20-Aug-21,August,2021,3,Friday,2021,8
21-Aug-21,August,2021,3,Saturday,2021,8
22-Aug-21,August,2021,3,Sunday,2021,8
23-Aug-21,August,2021,3,Monday,2021,8
24-Aug-21,August,2021,3,Tuesday,2021,8
25-Aug-21,August,2021,3,Wednesday,2021,8
26-Aug-21,August,2021,3,Thursday,2021,8
27-Aug-21,August,2021,3,Friday,2021,8
28-Aug-21,August,2021,3,Saturday,2021,8
29-Aug-21,August,2021,3,Sunday,2021,8
30-Aug-21,August,2021,3,Monday,2021,8
31-Aug-21,August,2021,3,Tuesday,2021,8
01-Sep-21,September,2021,3,Wednesday,2021,9
02-Sep-21,September,2021,3,Thursday,2021,9
03-Sep-21,September,2021,3,Friday,2021,9
04-Sep-21,September,2021,3,Saturday,2021,9
05-Sep-21,September,2021,3,Sunday,2021,9
06-Sep-21,September,2021,3,Monday,2021,9
07-Sep-21,September,2021,3,Tuesday,2021,9
08-Sep-21,September,2021,3,Wednesday,2021,9
09-Sep-21,September,2021,3,Thursday,2021,9
10-Sep-21,September,2021,3,Friday,2021,9
11-Sep-21,September,2021,3,Saturday,2021,9
12-Sep-21,September,2021,3,Sunday,2021,9
13-Sep-21,September,2021,3,Monday,2021,9
14-Sep-21,September,2021,3,Tuesday,2021,9
15-Sep-21,September,2021,3,Wednesday,2021,9
16-Sep-21,September,2021,3,Thursday,2021,9
17-Sep-21,September,2021,3,Friday,2021,9
18-Sep-21,September,2021,3,Saturday,2021,9
19-Sep-21,September,2021,3,Sunday,2021,9
20-Sep-21,September,2021,3,Monday,2021,9
21-Sep-21,September,2021,3,Tuesday,2021,9
22-Sep-21,September,2021,3,Wednesday,2021,9
23-Sep-21,September,2021,3,Thursday,2021,9
24-Sep-21,September,2021,3,Friday,2021,9
25-Sep-21,September,2021,3,Saturday,2021,9
26-Sep-21,September,2021,3,Sunday,2021,9
27-Sep-21,September,2021,3,Monday,2021,9
28-Sep-21,September,2021,3,Tuesday,2021,9
29-Sep-21,September,2021,3,Wednesday,2021,9
30-Sep-21,September,2021,3,Thursday,2021,9
01-Jul-22,July,2022,3,Friday,2022,7
02-Jul-22,July,2022,3,Saturday,2022,7
03-Jul-22,July,2022,3,Sunday,2022,7
04-Jul-22,July,2022,3,Monday,2022,7
05-Jul-22,July,2022,3,Tuesday,2022,7
06-Jul-22,July,2022,3,Wednesday,2022,7
07-Jul-22,July,2022,3,Thursday,2022,7
08-Jul-22,July,2022,3,Friday,2022,7
09-Jul-22,July,2022,3,Saturday,2022,7
10-Jul-22,July,2022,3,Sunday,2022,7
11-Jul-22,July,2022,3,Monday,2022,7
12-Jul-22,July,2022,3,Tuesday,2022,7
13-Jul-22,July,2022,3,Wednesday,2022,7
14-Jul-22,July,2022,3,Thursday,2022,7
15-Jul-22,July,2022,3,Friday,2022,7
16-Jul-22,July,2022,3,Saturday,2022,7
17-Jul-22,July,2022,3,Sunday,2022,7
18-Jul-22,July,2022,3,Monday,2022,7
19-Jul-22,July,2022,3,Tuesday,2022,7
20-Jul-22,July,2022,3,Wednesday,2022,7
21-Jul-22,July,2022,3,Thursday,2022,7
22-Jul-22,July,2022,3,Friday,2022,7
23-Jul-22,July,2022,3,Saturday,2022,7
24-Jul-22,July,2022,3,Sunday,2022,7
25-Jul-22,July,2022,3,Monday,2022,7
26-Jul-22,July,2022,3,Tuesday,2022,7
27-Jul-22,July,2022,3,Wednesday,2022,7
28-Jul-22,July,2022,3,Thursday,2022,7
29-Jul-22,July,2022,3,Friday,2022,7
30-Jul-22,July,2022,3,Saturday,2022,7
31-Jul-22,July,2022,3,Sunday,2022,7
01-Aug-22,August,2022,3,Monday,2022,8
02-Aug-22,August,2022,3,Tuesday,2022,8
03-Aug-22,August,2022,3,Wednesday,2022,8
04-Aug-22,August,2022,3,Thursday,2022,8
05-Aug-22,August,2022,3,Friday,2022,8
06-Aug-22,August,2022,3,Saturday,2022,8
07-Aug-22,August,2022,3,Sunday,2022,8
08-Aug-22,August,2022,3,Monday,2022,8
09-Aug-22,August,2022,3,Tuesday,2022,8
10-Aug-22,August,2022,3,Wednesday,2022,8
11-Aug-22,August,2022,3,Thursday,2022,8
12-Aug-22,August,2022,3,Friday,2022,8
13-Aug-22,August,2022,3,Saturday,2022,8
14-Aug-22,August,2022,3,Sunday,2022,8
15-Aug-22,August,2022,3,Monday,2022,8
16-Aug-22,August,2022,3,Tuesday,2022,8
17-Aug-22,August,2022,3,Wednesday,2022,8
18-Aug-22,August,2022,3,Thursday,2022,8
19-Aug-22,August,2022,3,Friday,2022,8
20-Aug-22,August,2022,3,Saturday,2022,8
21-Aug-22,August,2022,3,Sunday,2022,8
22-Aug-22,August,2022,3,Monday,2022,8
23-Aug-22,August,2022,3,Tuesday,2022,8
24-Aug-22,August,2022,3,Wednesday,2022,8
25-Aug-22,August,2022,3,Thursday,2022,8
26-Aug-22,August,2022,3,Friday,2022,8
27-Aug-22,August,2022,3,Saturday,2022,8
28-Aug-22,August,2022,3,Sunday,2022,8
29-Aug-22,August,2022,3,Monday,2022,8
30-Aug-22,August,2022,3,Tuesday,2022,8
31-Aug-22,August,2022,3,Wednesday,2022,8
01-Sep-22,September,2022,3,Thursday,2022,9
02-Sep-22,September,2022,3,Friday,2022,9
03-Sep-22,September,2022,3,Saturday,2022,9
04-Sep-22,September,2022,3,Sunday,2022,9
05-Sep-22,September,2022,3,Monday,2022,9
06-Sep-22,September,2022,3,Tuesday,2022,9
07-Sep-22,September,2022,3,Wednesday,2022,9
08-Sep-22,September,2022,3,Thursday,2022,9
09-Sep-22,September,2022,3,Friday,2022,9
10-Sep-22,September,2022,3,Saturday,2022,9
11-Sep-22,September,2022,3,Sunday,2022,9
12-Sep-22,September,2022,3,Monday,2022,9
13-Sep-22,September,2022,3,Tuesday,2022,9
14-Sep-22,September,2022,3,Wednesday,2022,9
15-Sep-22,September,2022,3,Thursday,2022,9
16-Sep-22,September,2022,3,Friday,2022,9
17-Sep-22,September,2022,3,Saturday,2022,9
18-Sep-22,September,2022,3,Sunday,2022,9
19-Sep-22,September,2022,3,Monday,2022,9
20-Sep-22,September,2022,3,Tuesday,2022,9
21-Sep-22,September,2022,3,Wednesday,2022,9
22-Sep-22,September,2022,3,Thursday,2022,9
23-Sep-22,September,2022,3,Friday,2022,9
24-Sep-22,September,2022,3,Saturday,2022,9
25-Sep-22,September,2022,3,Sunday,2022,9
26-Sep-22,September,2022,3,Monday,2022,9
27-Sep-22,September,2022,3,Tuesday,2022,9
28-Sep-22,September,2022,3,Wednesday,2022,9
29-Sep-22,September,2022,3,Thursday,2022,9
30-Sep-22,September,2022,3,Friday,2022,9
01-Apr-22,April,2022,2,Friday,2022,4
02-Apr-22,April,2022,2,Saturday,2022,4
03-Apr-22,April,2022,2,Sunday,2022,4
04-Apr-22,April,2022,2,Monday,2022,4
05-Apr-22,April,2022,2,Tuesday,2022,4
06-Apr-22,April,2022,2,Wednesday,2022,4
07-Apr-22,April,2022,2,Thursday,2022,4
08-Apr-22,April,2022,2,Friday,2022,4
09-Apr-22,April,2022,2,Saturday,2022,4
10-Apr-22,April,2022,2,Sunday,2022,4
11-Apr-22,April,2022,2,Monday,2022,4
12-Apr-22,April,2022,2,Tuesday,2022,4
13-Apr-22,April,2022,2,Wednesday,2022,4
14-Apr-22,April,2022,2,Thursday,2022,4
15-Apr-22,April,2022,2,Friday,2022,4
16-Apr-22,April,2022,2,Saturday,2022,4
17-Apr-22,April,2022,2,Sunday,2022,4
18-Apr-22,April,2022,2,Monday,2022,4
19-Apr-22,April,2022,2,Tuesday,2022,4
20-Apr-22,April,2022,2,Wednesday,2022,4
21-Apr-22,April,2022,2,Thursday,2022,4
22-Apr-22,April,2022,2,Friday,2022,4
23-Apr-22,April,2022,2,Saturday,2022,4
24-Apr-22,April,2022,2,Sunday,2022,4
25-Apr-22,April,2022,2,Monday,2022,4
26-Apr-22,April,2022,2,Tuesday,2022,4
27-Apr-22,April,2022,2,Wednesday,2022,4
28-Apr-22,April,2022,2,Thursday,2022,4
29-Apr-22,April,2022,2,Friday,2022,4
30-Apr-22,April,2022,2,Saturday,2022,4
01-May-22,May,2022,2,Sunday,2022,5
02-May-22,May,2022,2,Monday,2022,5
03-May-22,May,2022,2,Tuesday,2022,5
04-May-22,May,2022,2,Wednesday,2022,5
05-May-22,May,2022,2,Thursday,2022,5
06-May-22,May,2022,2,Friday,2022,5
07-May-22,May,2022,2,Saturday,2022,5
08-May-22,May,2022,2,Sunday,2022,5
09-May-22,May,2022,2,Monday,2022,5
10-May-22,May,2022,2,Tuesday,2022,5
11-May-22,May,2022,2,Wednesday,2022,5
12-May-22,May,2022,2,Thursday,2022,5
13-May-22,May,2022,2,Friday,2022,5
14-May-22,May,2022,2,Saturday,2022,5
15-May-22,May,2022,2,Sunday,2022,5
16-May-22,May,2022,2,Monday,2022,5
17-May-22,May,2022,2,Tuesday,2022,5
18-May-22,May,2022,2,Wednesday,2022,5
19-May-22,May,2022,2,Thursday,2022,5
20-May-22,May,2022,2,Friday,2022,5
21-May-22,May,2022,2,Saturday,2022,5
22-May-22,May,2022,2,Sunday,2022,5
23-May-22,May,2022,2,Monday,2022,5
24-May-22,May,2022,2,Tuesday,2022,5
25-May-22,May,2022,2,Wednesday,2022,5
26-May-22,May,2022,2,Thursday,2022,5
27-May-22,May,2022,2,Friday,2022,5
28-May-22,May,2022,2,Saturday,2022,5
29-May-22,May,2022,2,Sunday,2022,5
30-May-22,May,2022,2,Monday,2022,5
31-May-22,May,2022,2,Tuesday,2022,5
01-Jun-22,June,2022,2,Wednesday,2022,6
02-Jun-22,June,2022,2,Thursday,2022,6
03-Jun-22,June,2022,2,Friday,2022,6
04-Jun-22,June,2022,2,Saturday,2022,6
05-Jun-22,June,2022,2,Sunday,2022,6
06-Jun-22,June,2022,2,Monday,2022,6
07-Jun-22,June,2022,2,Tuesday,2022,6
08-Jun-22,June,2022,2,Wednesday,2022,6
09-Jun-22,June,2022,2,Thursday,2022,6
10-Jun-22,June,2022,2,Friday,2022,6
11-Jun-22,June,2022,2,Saturday,2022,6
12-Jun-22,June,2022,2,Sunday,2022,6
13-Jun-22,June,2022,2,Monday,2022,6
14-Jun-22,June,2022,2,Tuesday,2022,6
15-Jun-22,June,2022,2,Wednesday,2022,6
16-Jun-22,June,2022,2,Thursday,2022,6
17-Jun-22,June,2022,2,Friday,2022,6
18-Jun-22,June,2022,2,Saturday,2022,6
19-Jun-22,June,2022,2,Sunday,2022,6
20-Jun-22,June,2022,2,Monday,2022,6
21-Jun-22,June,2022,2,Tuesday,2022,6
22-Jun-22,June,2022,2,Wednesday,2022,6
23-Jun-22,June,2022,2,Thursday,2022,6
24-Jun-22,June,2022,2,Friday,2022,6
25-Jun-22,June,2022,2,Saturday,2022,6
26-Jun-22,June,2022,2,Sunday,2022,6
27-Jun-22,June,2022,2,Monday,2022,6
28-Jun-22,June,2022,2,Tuesday,2022,6
29-Jun-22,June,2022,2,Wednesday,2022,6
30-Jun-22,June,2022,2,Thursday,2022,6
01-Oct-22,October,2022,4,Saturday,2022,10
02-Oct-22,October,2022,4,Sunday,2022,10
03-Oct-22,October,2022,4,Monday,2022,10
04-Oct-22,October,2022,4,Tuesday,2022,10
05-Oct-22,October,2022,4,Wednesday,2022,10
06-Oct-22,October,2022,4,Thursday,2022,10
07-Oct-22,October,2022,4,Friday,2022,10
08-Oct-22,October,2022,4,Saturday,2022,10
09-Oct-22,October,2022,4,Sunday,2022,10
10-Oct-22,October,2022,4,Monday,2022,10
11-Oct-22,October,2022,4,Tuesday,2022,10
12-Oct-22,October,2022,4,Wednesday,2022,10
13-Oct-22,October,2022,4,Thursday,2022,10
14-Oct-22,October,2022,4,Friday,2022,10
15-Oct-22,October,2022,4,Saturday,2022,10
16-Oct-22,October,2022,4,Sunday,2022,10
17-Oct-22,October,2022,4,Monday,2022,10
18-Oct-22,October,2022,4,Tuesday,2022,10
19-Oct-22,October,2022,4,Wednesday,2022,10
20-Oct-22,October,2022,4,Thursday,2022,10
21-Oct-22,October,2022,4,Friday,2022,10
22-Oct-22,October,2022,4,Saturday,2022,10
23-Oct-22,October,2022,4,Sunday,2022,10
24-Oct-22,October,2022,4,Monday,2022,10
25-Oct-22,October,2022,4,Tuesday,2022,10
26-Oct-22,October,2022,4,Wednesday,2022,10
27-Oct-22,October,2022,4,Thursday,2022,10
28-Oct-22,October,2022,4,Friday,2022,10
29-Oct-22,October,2022,4,Saturday,2022,10
30-Oct-22,October,2022,4,Sunday,2022,10
31-Oct-22,October,2022,4,Monday,2022,10
01-Nov-22,November,2022,4,Tuesday,2022,11
02-Nov-22,November,2022,4,Wednesday,2022,11
03-Nov-22,November,2022,4,Thursday,2022,11
04-Nov-22,November,2022,4,Friday,2022,11
05-Nov-22,November,2022,4,Saturday,2022,11
06-Nov-22,November,2022,4,Sunday,2022,11
07-Nov-22,November,2022,4,Monday,2022,11
08-Nov-22,November,2022,4,Tuesday,2022,11
09-Nov-22,November,2022,4,Wednesday,2022,11
10-Nov-22,November,2022,4,Thursday,2022,11
11-Nov-22,November,2022,4,Friday,2022,11
12-Nov-22,November,2022,4,Saturday,2022,11
13-Nov-22,November,2022,4,Sunday,2022,11
14-Nov-22,November,2022,4,Monday,2022,11
15-Nov-22,November,2022,4,Tuesday,2022,11
16-Nov-22,November,2022,4,Wednesday,2022,11
17-Nov-22,November,2022,4,Thursday,2022,11
18-Nov-22,November,2022,4,Friday,2022,11
19-Nov-22,November,2022,4,Saturday,2022,11
20-Nov-22,November,2022,4,Sunday,2022,11
21-Nov-22,November,2022,4,Monday,2022,11
22-Nov-22,November,2022,4,Tuesday,2022,11
23-Nov-22,November,2022,4,Wednesday,2022,11
24-Nov-22,November,2022,4,Thursday,2022,11
25-Nov-22,November,2022,4,Friday,2022,11
26-Nov-22,November,2022,4,Saturday,2022,11
27-Nov-22,November,2022,4,Sunday,2022,11
28-Nov-22,November,2022,4,Monday,2022,11
29-Nov-22,November,2022,4,Tuesday,2022,11
30-Nov-22,November,2022,4,Wednesday,2022,11
01-Dec-22,December,2022,4,Thursday,2022,12
02-Dec-22,December,2022,4,Friday,2022,12
03-Dec-22,December,2022,4,Saturday,2022,12
04-Dec-22,December,2022,4,Sunday,2022,12
05-Dec-22,December,2022,4,Monday,2022,12
06-Dec-22,December,2022,4,Tuesday,2022,12
07-Dec-22,December,2022,4,Wednesday,2022,12
08-Dec-22,December,2022,4,Thursday,2022,12
09-Dec-22,December,2022,4,Friday,2022,12
10-Dec-22,December,2022,4,Saturday,2022,12
11-Dec-22,December,2022,4,Sunday,2022,12
12-Dec-22,December,2022,4,Monday,2022,12
13-Dec-22,December,2022,4,Tuesday,2022,12
14-Dec-22,December,2022,4,Wednesday,2022,12
15-Dec-22,December,2022,4,Thursday,2022,12
16-Dec-22,December,2022,4,Friday,2022,12
17-Dec-22,December,2022,4,Saturday,2022,12
18-Dec-22,December,2022,4,Sunday,2022,12
19-Dec-22,December,2022,4,Monday,2022,12
20-Dec-22,December,2022,4,Tuesday,2022,12
21-Dec-22,December,2022,4,Wednesday,2022,12
22-Dec-22,December,2022,4,Thursday,2022,12
23-Dec-22,December,2022,4,Friday,2022,12
24-Dec-22,December,2022,4,Saturday,2022,12
25-Dec-22,December,2022,4,Sunday,2022,12
26-Dec-22,December,2022,4,Monday,2022,12
27-Dec-22,December,2022,4,Tuesday,2022,12
28-Dec-22,December,2022,4,Wednesday,2022,12
29-Dec-22,December,2022,4,Thursday,2022,12
30-Dec-22,December,2022,4,Friday,2022,12
31-Dec-22,December,2022,4,Saturday,2022,12
01-Jan-22,January,2022,1,Saturday,2022,1
02-Jan-22,January,2022,1,Sunday,2022,1
03-Jan-22,January,2022,1,Monday,2022,1
04-Jan-22,January,2022,1,Tuesday,2022,1
05-Jan-22,January,2022,1,Wednesday,2022,1
06-Jan-22,January,2022,1,Thursday,2022,1
07-Jan-22,January,2022,1,Friday,2022,1
08-Jan-22,January,2022,1,Saturday,2022,1
09-Jan-22,January,2022,1,Sunday,2022,1
10-Jan-22,January,2022,1,Monday,2022,1
11-Jan-22,January,2022,1,Tuesday,2022,1
12-Jan-22,January,2022,1,Wednesday,2022,1
13-Jan-22,January,2022,1,Thursday,2022,1
14-Jan-22,January,2022,1,Friday,2022,1
15-Jan-22,January,2022,1,Saturday,2022,1
16-Jan-22,January,2022,1,Sunday,2022,1
17-Jan-22,January,2022,1,Monday,2022,1
18-Jan-22,January,2022,1,Tuesday,2022,1
19-Jan-22,January,2022,1,Wednesday,2022,1
20-Jan-22,January,2022,1,Thursday,2022,1
21-Jan-22,January,2022,1,Friday,2022,1
22-Jan-22,January,2022,1,Saturday,2022,1
23-Jan-22,January,2022,1,Sunday,2022,1
24-Jan-22,January,2022,1,Monday,2022,1
25-Jan-22,January,2022,1,Tuesday,2022,1
26-Jan-22,January,2022,1,Wednesday,2022,1
27-Jan-22,January,2022,1,Thursday,2022,1
28-Jan-22,January,2022,1,Friday,2022,1
29-Jan-22,January,2022,1,Saturday,2022,1
30-Jan-22,January,2022,1,Sunday,2022,1
31-Jan-22,January,2022,1,Monday,2022,1
01-Feb-22,February,2022,1,Tuesday,2022,2
02-Feb-22,February,2022,1,Wednesday,2022,2
03-Feb-22,February,2022,1,Thursday,2022,2
04-Feb-22,February,2022,1,Friday,2022,2
05-Feb-22,February,2022,1,Saturday,2022,2
06-Feb-22,February,2022,1,Sunday,2022,2
07-Feb-22,February,2022,1,Monday,2022,2
08-Feb-22,February,2022,1,Tuesday,2022,2
09-Feb-22,February,2022,1,Wednesday,2022,2
10-Feb-22,February,2022,1,Thursday,2022,2
11-Feb-22,February,2022,1,Friday,2022,2
12-Feb-22,February,2022,1,Saturday,2022,2
13-Feb-22,February,2022,1,Sunday,2022,2
14-Feb-22,February,2022,1,Monday,2022,2
15-Feb-22,February,2022,1,Tuesday,2022,2
16-Feb-22,February,2022,1,Wednesday,2022,2
17-Feb-22,February,2022,1,Thursday,2022,2
18-Feb-22,February,2022,1,Friday,2022,2
19-Feb-22,February,2022,1,Saturday,2022,2
20-Feb-22,February,2022,1,Sunday,2022,2
21-Feb-22,February,2022,1,Monday,2022,2
22-Feb-22,February,2022,1,Tuesday,2022,2
23-Feb-22,February,2022,1,Wednesday,2022,2
24-Feb-22,February,2022,1,Thursday,2022,2
25-Feb-22,February,2022,1,Friday,2022,2
26-Feb-22,February,2022,1,Saturday,2022,2
27-Feb-22,February,2022,1,Sunday,2022,2
28-Feb-22,February,2022,1,Monday,2022,2
01-Mar-22,March,2022,1,Tuesday,2022,3
02-Mar-22,March,2022,1,Wednesday,2022,3
03-Mar-22,March,2022,1,Thursday,2022,3
04-Mar-22,March,2022,1,Friday,2022,3
05-Mar-22,March,2022,1,Saturday,2022,3
06-Mar-22,March,2022,1,Sunday,2022,3
07-Mar-22,March,2022,1,Monday,2022,3
08-Mar-22,March,2022,1,Tuesday,2022,3
09-Mar-22,March,2022,1,Wednesday,2022,3
10-Mar-22,March,2022,1,Thursday,2022,3
11-Mar-22,March,2022,1,Friday,2022,3
12-Mar-22,March,2022,1,Saturday,2022,3
13-Mar-22,March,2022,1,Sunday,2022,3
14-Mar-22,March,2022,1,Monday,2022,3
15-Mar-22,March,2022,1,Tuesday,2022,3
16-Mar-22,March,2022,1,Wednesday,2022,3
17-Mar-22,March,2022,1,Thursday,2022,3
18-Mar-22,March,2022,1,Friday,2022,3
19-Mar-22,March,2022,1,Saturday,2022,3
20-Mar-22,March,2022,1,Sunday,2022,3
21-Mar-22,March,2022,1,Monday,2022,3
22-Mar-22,March,2022,1,Tuesday,2022,3
23-Mar-22,March,2022,1,Wednesday,2022,3
24-Mar-22,March,2022,1,Thursday,2022,3
25-Mar-22,March,2022,1,Friday,2022,3
26-Mar-22,March,2022,1,Saturday,2022,3
27-Mar-22,March,2022,1,Sunday,2022,3
28-Mar-22,March,2022,1,Monday,2022,3
29-Mar-22,March,2022,1,Tuesday,2022,3
30-Mar-22,March,2022,1,Wednesday,2022,3
31-Mar-22,March,2022,1,Thursday,2022,3
01-Jan-23,January,2023,1,Sunday,2023,1
02-Jan-23,January,2023,1,Monday,2023,1
03-Jan-23,January,2023,1,Tuesday,2023,1
04-Jan-23,January,2023,1,Wednesday,2023,1
05-Jan-23,January,2023,1,Thursday,2023,1
06-Jan-23,January,2023,1,Friday,2023,1
07-Jan-23,January,2023,1,Saturday,2023,1
08-Jan-23,January,2023,1,Sunday,2023,1
09-Jan-23,January,2023,1,Monday,2023,1
10-Jan-23,January,2023,1,Tuesday,2023,1
11-Jan-23,January,2023,1,Wednesday,2023,1
12-Jan-23,January,2023,1,Thursday,2023,1
13-Jan-23,January,2023,1,Friday,2023,1
14-Jan-23,January,2023,1,Saturday,2023,1
15-Jan-23,January,2023,1,Sunday,2023,1
16-Jan-23,January,2023,1,Monday,2023,1
17-Jan-23,January,2023,1,Tuesday,2023,1
18-Jan-23,January,2023,1,Wednesday,2023,1
19-Jan-23,January,2023,1,Thursday,2023,1
20-Jan-23,January,2023,1,Friday,2023,1
21-Jan-23,January,2023,1,Saturday,2023,1
22-Jan-23,January,2023,1,Sunday,2023,1
23-Jan-23,January,2023,1,Monday,2023,1
24-Jan-23,January,2023,1,Tuesday,2023,1
25-Jan-23,January,2023,1,Wednesday,2023,1
26-Jan-23,January,2023,1,Thursday,2023,1
27-Jan-23,January,2023,1,Friday,2023,1
28-Jan-23,January,2023,1,Saturday,2023,1
29-Jan-23,January,2023,1,Sunday,2023,1
30-Jan-23,January,2023,1,Monday,2023,1
31-Jan-23,January,2023,1,Tuesday,2023,1
01-Feb-23,February,2023,1,Wednesday,2023,2
02-Feb-23,February,2023,1,Thursday,2023,2
03-Feb-23,February,2023,1,Friday,2023,2
04-Feb-23,February,2023,1,Saturday,2023,2
05-Feb-23,February,2023,1,Sunday,2023,2
06-Feb-23,February,2023,1,Monday,2023,2
07-Feb-23,February,2023,1,Tuesday,2023,2
08-Feb-23,February,2023,1,Wednesday,2023,2
09-Feb-23,February,2023,1,Thursday,2023,2
10-Feb-23,February,2023,1,Friday,2023,2
11-Feb-23,February,2023,1,Saturday,2023,2
12-Feb-23,February,2023,1,Sunday,2023,2
13-Feb-23,February,2023,1,Monday,2023,2
14-Feb-23,February,2023,1,Tuesday,2023,2
15-Feb-23,February,2023,1,Wednesday,2023,2
16-Feb-23,February,2023,1,Thursday,2023,2
17-Feb-23,February,2023,1,Friday,2023,2
18-Feb-23,February,2023,1,Saturday,2023,2
19-Feb-23,February,2023,1,Sunday,2023,2
20-Feb-23,February,2023,1,Monday,2023,2
21-Feb-23,February,2023,1,Tuesday,2023,2
22-Feb-23,February,2023,1,Wednesday,2023,2
23-Feb-23,February,2023,1,Thursday,2023,2
24-Feb-23,February,2023,1,Friday,2023,2
25-Feb-23,February,2023,1,Saturday,2023,2
26-Feb-23,February,2023,1,Sunday,2023,2
27-Feb-23,February,2023,1,Monday,2023,2
28-Feb-23,February,2023,1,Tuesday,2023,2
01-Mar-23,March,2023,1,Wednesday,2023,3
02-Mar-23,March,2023,1,Thursday,2023,3
03-Mar-23,March,2023,1,Friday,2023,3
04-Mar-23,March,2023,1,Saturday,2023,3
05-Mar-23,March,2023,1,Sunday,2023,3
06-Mar-23,March,2023,1,Monday,2023,3
07-Mar-23,March,2023,1,Tuesday,2023,3
08-Mar-23,March,2023,1,Wednesday,2023,3
09-Mar-23,March,2023,1,Thursday,2023,3
10-Mar-23,March,2023,1,Friday,2023,3
11-Mar-23,March,2023,1,Saturday,2023,3
12-Mar-23,March,2023,1,Sunday,2023,3
13-Mar-23,March,2023,1,Monday,2023,3
14-Mar-23,March,2023,1,Tuesday,2023,3
15-Mar-23,March,2023,1,Wednesday,2023,3
16-Mar-23,March,2023,1,Thursday,2023,3
17-Mar-23,March,2023,1,Friday,2023,3
18-Mar-23,March,2023,1,Saturday,2023,3
19-Mar-23,March,2023,1,Sunday,2023,3
20-Mar-23,March,2023,1,Monday,2023,3
21-Mar-23,March,2023,1,Tuesday,2023,3
22-Mar-23,March,2023,1,Wednesday,2023,3
23-Mar-23,March,2023,1,Thursday,2023,3
24-Mar-23,March,2023,1,Friday,2023,3
25-Mar-23,March,2023,1,Saturday,2023,3
26-Mar-23,March,2023,1,Sunday,2023,3
27-Mar-23,March,2023,1,Monday,2023,3
28-Mar-23,March,2023,1,Tuesday,2023,3
29-Mar-23,March,2023,1,Wednesday,2023,3
30-Mar-23,March,2023,1,Thursday,2023,3
31-Mar-23,March,2023,1,Friday,2023,3
01-Oct-23,October,2023,4,Sunday,2023,10
02-Oct-23,October,2023,4,Monday,2023,10
03-Oct-23,October,2023,4,Tuesday,2023,10
04-Oct-23,October,2023,4,Wednesday,2023,10
05-Oct-23,October,2023,4,Thursday,2023,10
06-Oct-23,October,2023,4,Friday,2023,10
07-Oct-23,October,2023,4,Saturday,2023,10
08-Oct-23,October,2023,4,Sunday,2023,10
09-Oct-23,October,2023,4,Monday,2023,10
10-Oct-23,October,2023,4,Tuesday,2023,10
11-Oct-23,October,2023,4,Wednesday,2023,10
12-Oct-23,October,2023,4,Thursday,2023,10
13-Oct-23,October,2023,4,Friday,2023,10
14-Oct-23,October,2023,4,Saturday,2023,10
15-Oct-23,October,2023,4,Sunday,2023,10
16-Oct-23,October,2023,4,Monday,2023,10
17-Oct-23,October,2023,4,Tuesday,2023,10
18-Oct-23,October,2023,4,Wednesday,2023,10
19-Oct-23,October,2023,4,Thursday,2023,10
20-Oct-23,October,2023,4,Friday,2023,10
21-Oct-23,October,2023,4,Saturday,2023,10
22-Oct-23,October,2023,4,Sunday,2023,10
23-Oct-23,October,2023,4,Monday,2023,10
24-Oct-23,October,2023,4,Tuesday,2023,10
25-Oct-23,October,2023,4,Wednesday,2023,10
26-Oct-23,October,2023,4,Thursday,2023,10
27-Oct-23,October,2023,4,Friday,2023,10
28-Oct-23,October,2023,4,Saturday,2023,10
29-Oct-23,October,2023,4,Sunday,2023,10
30-Oct-23,October,2023,4,Monday,2023,10
31-Oct-23,October,2023,4,Tuesday,2023,10
01-Nov-23,November,2023,4,Wednesday,2023,11
02-Nov-23,November,2023,4,Thursday,2023,11
03-Nov-23,November,2023,4,Friday,2023,11
04-Nov-23,November,2023,4,Saturday,2023,11
05-Nov-23,November,2023,4,Sunday,2023,11
06-Nov-23,November,2023,4,Monday,2023,11
07-Nov-23,November,2023,4,Tuesday,2023,11
08-Nov-23,November,2023,4,Wednesday,2023,11
09-Nov-23,November,2023,4,Thursday,2023,11
10-Nov-23,November,2023,4,Friday,2023,11
11-Nov-23,November,2023,4,Saturday,2023,11
12-Nov-23,November,2023,4,Sunday,2023,11
13-Nov-23,November,2023,4,Monday,2023,11
14-Nov-23,November,2023,4,Tuesday,2023,11
15-Nov-23,November,2023,4,Wednesday,2023,11
16-Nov-23,November,2023,4,Thursday,2023,11
17-Nov-23,November,2023,4,Friday,2023,11
18-Nov-23,November,2023,4,Saturday,2023,11
19-Nov-23,November,2023,4,Sunday,2023,11
20-Nov-23,November,2023,4,Monday,2023,11
21-Nov-23,November,2023,4,Tuesday,2023,11
22-Nov-23,November,2023,4,Wednesday,2023,11
23-Nov-23,November,2023,4,Thursday,2023,11
24-Nov-23,November,2023,4,Friday,2023,11
25-Nov-23,November,2023,4,Saturday,2023,11
26-Nov-23,November,2023,4,Sunday,2023,11
27-Nov-23,November,2023,4,Monday,2023,11
28-Nov-23,November,2023,4,Tuesday,2023,11
29-Nov-23,November,2023,4,Wednesday,2023,11
30-Nov-23,November,2023,4,Thursday,2023,11
01-Dec-23,December,2023,4,Friday,2023,12
02-Dec-23,December,2023,4,Saturday,2023,12
03-Dec-23,December,2023,4,Sunday,2023,12
04-Dec-23,December,2023,4,Monday,2023,12
05-Dec-23,December,2023,4,Tuesday,2023,12
06-Dec-23,December,2023,4,Wednesday,2023,12
07-Dec-23,December,2023,4,Thursday,2023,12
08-Dec-23,December,2023,4,Friday,2023,12
09-Dec-23,December,2023,4,Saturday,2023,12
10-Dec-23,December,2023,4,Sunday,2023,12
11-Dec-23,December,2023,4,Monday,2023,12
12-Dec-23,December,2023,4,Tuesday,2023,12
13-Dec-23,December,2023,4,Wednesday,2023,12
14-Dec-23,December,2023,4,Thursday,2023,12
15-Dec-23,December,2023,4,Friday,2023,12
16-Dec-23,December,2023,4,Saturday,2023,12
17-Dec-23,December,2023,4,Sunday,2023,12
18-Dec-23,December,2023,4,Monday,2023,12
19-Dec-23,December,2023,4,Tuesday,2023,12
20-Dec-23,December,2023,4,Wednesday,2023,12
21-Dec-23,December,2023,4,Thursday,2023,12
22-Dec-23,December,2023,4,Friday,2023,12
23-Dec-23,December,2023,4,Saturday,2023,12
24-Dec-23,December,2023,4,Sunday,2023,12
25-Dec-23,December,2023,4,Monday,2023,12
26-Dec-23,December,2023,4,Tuesday,2023,12
27-Dec-23,December,2023,4,Wednesday,2023,12
28-Dec-23,December,2023,4,Thursday,2023,12
29-Dec-23,December,2023,4,Friday,2023,12
30-Dec-23,December,2023,4,Saturday,2023,12
31-Dec-23,December,2023,4,Sunday,2023,12
01-Apr-23,April,2023,2,Saturday,2023,4
02-Apr-23,April,2023,2,Sunday,2023,4
03-Apr-23,April,2023,2,Monday,2023,4
04-Apr-23,April,2023,2,Tuesday,2023,4
05-Apr-23,April,2023,2,Wednesday,2023,4
06-Apr-23,April,2023,2,Thursday,2023,4
07-Apr-23,April,2023,2,Friday,2023,4
08-Apr-23,April,2023,2,Saturday,2023,4
09-Apr-23,April,2023,2,Sunday,2023,4
10-Apr-23,April,2023,2,Monday,2023,4
11-Apr-23,April,2023,2,Tuesday,2023,4
12-Apr-23,April,2023,2,Wednesday,2023,4
13-Apr-23,April,2023,2,Thursday,2023,4
14-Apr-23,April,2023,2,Friday,2023,4
15-Apr-23,April,2023,2,Saturday,2023,4
16-Apr-23,April,2023,2,Sunday,2023,4
17-Apr-23,April,2023,2,Monday,2023,4
18-Apr-23,April,2023,2,Tuesday,2023,4
19-Apr-23,April,2023,2,Wednesday,2023,4
20-Apr-23,April,2023,2,Thursday,2023,4
21-Apr-23,April,2023,2,Friday,2023,4
22-Apr-23,April,2023,2,Saturday,2023,4
23-Apr-23,April,2023,2,Sunday,2023,4
24-Apr-23,April,2023,2,Monday,2023,4
25-Apr-23,April,2023,2,Tuesday,2023,4
26-Apr-23,April,2023,2,Wednesday,2023,4
27-Apr-23,April,2023,2,Thursday,2023,4
28-Apr-23,April,2023,2,Friday,2023,4
29-Apr-23,April,2023,2,Saturday,2023,4
30-Apr-23,April,2023,2,Sunday,2023,4
01-May-23,May,2023,2,Monday,2023,5
02-May-23,May,2023,2,Tuesday,2023,5
03-May-23,May,2023,2,Wednesday,2023,5
04-May-23,May,2023,2,Thursday,2023,5
05-May-23,May,2023,2,Friday,2023,5
06-May-23,May,2023,2,Saturday,2023,5
07-May-23,May,2023,2,Sunday,2023,5
08-May-23,May,2023,2,Monday,2023,5
09-May-23,May,2023,2,Tuesday,2023,5
10-May-23,May,2023,2,Wednesday,2023,5
11-May-23,May,2023,2,Thursday,2023,5
12-May-23,May,2023,2,Friday,2023,5
13-May-23,May,2023,2,Saturday,2023,5
14-May-23,May,2023,2,Sunday,2023,5
15-May-23,May,2023,2,Monday,2023,5
16-May-23,May,2023,2,Tuesday,2023,5
17-May-23,May,2023,2,Wednesday,2023,5
18-May-23,May,2023,2,Thursday,2023,5
19-May-23,May,2023,2,Friday,2023,5
20-May-23,May,2023,2,Saturday,2023,5
21-May-23,May,2023,2,Sunday,2023,5
22-May-23,May,2023,2,Monday,2023,5
23-May-23,May,2023,2,Tuesday,2023,5
24-May-23,May,2023,2,Wednesday,2023,5
25-May-23,May,2023,2,Thursday,2023,5
26-May-23,May,2023,2,Friday,2023,5
27-May-23,May,2023,2,Saturday,2023,5
28-May-23,May,2023,2,Sunday,2023,5
29-May-23,May,2023,2,Monday,2023,5
30-May-23,May,2023,2,Tuesday,2023,5
31-May-23,May,2023,2,Wednesday,2023,5
01-Jun-23,June,2023,2,Thursday,2023,6
02-Jun-23,June,2023,2,Friday,2023,6
03-Jun-23,June,2023,2,Saturday,2023,6
04-Jun-23,June,2023,2,Sunday,2023,6
05-Jun-23,June,2023,2,Monday,2023,6
06-Jun-23,June,2023,2,Tuesday,2023,6
07-Jun-23,June,2023,2,Wednesday,2023,6
08-Jun-23,June,2023,2,Thursday,2023,6
09-Jun-23,June,2023,2,Friday,2023,6
10-Jun-23,June,2023,2,Saturday,2023,6
11-Jun-23,June,2023,2,Sunday,2023,6
12-Jun-23,June,2023,2,Monday,2023,6
13-Jun-23,June,2023,2,Tuesday,2023,6
14-Jun-23,June,2023,2,Wednesday,2023,6
15-Jun-23,June,2023,2,Thursday,2023,6
16-Jun-23,June,2023,2,Friday,2023,6
17-Jun-23,June,2023,2,Saturday,2023,6
18-Jun-23,June,2023,2,Sunday,2023,6
19-Jun-23,June,2023,2,Monday,2023,6
20-Jun-23,June,2023,2,Tuesday,2023,6
21-Jun-23,June,2023,2,Wednesday,2023,6
22-Jun-23,June,2023,2,Thursday,2023,6
23-Jun-23,June,2023,2,Friday,2023,6
24-Jun-23,June,2023,2,Saturday,2023,6
25-Jun-23,June,2023,2,Sunday,2023,6
26-Jun-23,June,2023,2,Monday,2023,6
27-Jun-23,June,2023,2,Tuesday,2023,6
28-Jun-23,June,2023,2,Wednesday,2023,6
29-Jun-23,June,2023,2,Thursday,2023,6
30-Jun-23,June,2023,2,Friday,2023,6
01-Jul-23,July,2023,3,Saturday,2023,7
02-Jul-23,July,2023,3,Sunday,2023,7
03-Jul-23,July,2023,3,Monday,2023,7
04-Jul-23,July,2023,3,Tuesday,2023,7
05-Jul-23,July,2023,3,Wednesday,2023,7
06-Jul-23,July,2023,3,Thursday,2023,7
07-Jul-23,July,2023,3,Friday,2023,7
08-Jul-23,July,2023,3,Saturday,2023,7
09-Jul-23,July,2023,3,Sunday,2023,7
10-Jul-23,July,2023,3,Monday,2023,7
11-Jul-23,July,2023,3,Tuesday,2023,7
12-Jul-23,July,2023,3,Wednesday,2023,7
13-Jul-23,July,2023,3,Thursday,2023,7
14-Jul-23,July,2023,3,Friday,2023,7
15-Jul-23,July,2023,3,Saturday,2023,7
16-Jul-23,July,2023,3,Sunday,2023,7
17-Jul-23,July,2023,3,Monday,2023,7
18-Jul-23,July,2023,3,Tuesday,2023,7
19-Jul-23,July,2023,3,Wednesday,2023,7
20-Jul-23,July,2023,3,Thursday,2023,7
21-Jul-23,July,2023,3,Friday,2023,7
22-Jul-23,July,2023,3,Saturday,2023,7
23-Jul-23,July,2023,3,Sunday,2023,7
24-Jul-23,July,2023,3,Monday,2023,7
25-Jul-23,July,2023,3,Tuesday,2023,7
26-Jul-23,July,2023,3,Wednesday,2023,7
27-Jul-23,July,2023,3,Thursday,2023,7
28-Jul-23,July,2023,3,Friday,2023,7
29-Jul-23,July,2023,3,Saturday,2023,7
30-Jul-23,July,2023,3,Sunday,2023,7
31-Jul-23,July,2023,3,Monday,2023,7
01-Aug-23,August,2023,3,Tuesday,2023,8
02-Aug-23,August,2023,3,Wednesday,2023,8
03-Aug-23,August,2023,3,Thursday,2023,8
04-Aug-23,August,2023,3,Friday,2023,8
05-Aug-23,August,2023,3,Saturday,2023,8
06-Aug-23,August,2023,3,Sunday,2023,8
07-Aug-23,August,2023,3,Monday,2023,8
08-Aug-23,August,2023,3,Tuesday,2023,8
09-Aug-23,August,2023,3,Wednesday,2023,8
10-Aug-23,August,2023,3,Thursday,2023,8
11-Aug-23,August,2023,3,Friday,2023,8
12-Aug-23,August,2023,3,Saturday,2023,8
13-Aug-23,August,2023,3,Sunday,2023,8
14-Aug-23,August,2023,3,Monday,2023,8
15-Aug-23,August,2023,3,Tuesday,2023,8
16-Aug-23,August,2023,3,Wednesday,2023,8
17-Aug-23,August,2023,3,Thursday,2023,8
18-Aug-23,August,2023,3,Friday,2023,8
19-Aug-23,August,2023,3,Saturday,2023,8
20-Aug-23,August,2023,3,Sunday,2023,8
21-Aug-23,August,2023,3,Monday,2023,8
22-Aug-23,August,2023,3,Tuesday,2023,8
23-Aug-23,August,2023,3,Wednesday,2023,8
24-Aug-23,August,2023,3,Thursday,2023,8
25-Aug-23,August,2023,3,Friday,2023,8
26-Aug-23,August,2023,3,Saturday,2023,8
27-Aug-23,August,2023,3,Sunday,2023,8
28-Aug-23,August,2023,3,Monday,2023,8
29-Aug-23,August,2023,3,Tuesday,2023,8
30-Aug-23,August,2023,3,Wednesday,2023,8
31-Aug-23,August,2023,3,Thursday,2023,8
01-Sep-23,September,2023,3,Friday,2023,9
02-Sep-23,September,2023,3,Saturday,2023,9
03-Sep-23,September,2023,3,Sunday,2023,9
04-Sep-23,September,2023,3,Monday,2023,9
05-Sep-23,September,2023,3,Tuesday,2023,9
06-Sep-23,September,2023,3,Wednesday,2023,9
07-Sep-23,September,2023,3,Thursday,2023,9
08-Sep-23,September,2023,3,Friday,2023,9
09-Sep-23,September,2023,3,Saturday,2023,9
10-Sep-23,September,2023,3,Sunday,2023,9
11-Sep-23,September,2023,3,Monday,2023,9
12-Sep-23,September,2023,3,Tuesday,2023,9
13-Sep-23,September,2023,3,Wednesday,2023,9
14-Sep-23,September,2023,3,Thursday,2023,9
15-Sep-23,September,2023,3,Friday,2023,9
16-Sep-23,September,2023,3,Saturday,2023,9
17-Sep-23,September,2023,3,Sunday,2023,9
18-Sep-23,September,2023,3,Monday,2023,9
19-Sep-23,September,2023,3,Tuesday,2023,9
20-Sep-23,September,2023,3,Wednesday,2023,9
21-Sep-23,September,2023,3,Thursday,2023,9
22-Sep-23,September,2023,3,Friday,2023,9
23-Sep-23,September,2023,3,Saturday,2023,9
24-Sep-23,September,2023,3,Sunday,2023,9
25-Sep-23,September,2023,3,Monday,2023,9
26-Sep-23,September,2023,3,Tuesday,2023,9
27-Sep-23,September,2023,3,Wednesday,2023,9
28-Sep-23,September,2023,3,Thursday,2023,9
29-Sep-23,September,2023,3,Friday,2023,9
30-Sep-23,September,2023,3,Saturday,2023,9
01-Jul-19,July,2019,3,Monday,2019,7
02-Jul-19,July,2019,3,Tuesday,2019,7
03-Jul-19,July,2019,3,Wednesday,2019,7
04-Jul-19,July,2019,3,Thursday,2019,7
05-Jul-19,July,2019,3,Friday,2019,7
06-Jul-19,July,2019,3,Saturday,2019,7
07-Jul-19,July,2019,3,Sunday,2019,7
08-Jul-19,July,2019,3,Monday,2019,7
09-Jul-19,July,2019,3,Tuesday,2019,7
10-Jul-19,July,2019,3,Wednesday,2019,7
11-Jul-19,July,2019,3,Thursday,2019,7
12-Jul-19,July,2019,3,Friday,2019,7
13-Jul-19,July,2019,3,Saturday,2019,7
14-Jul-19,July,2019,3,Sunday,2019,7
15-Jul-19,July,2019,3,Monday,2019,7
16-Jul-19,July,2019,3,Tuesday,2019,7
17-Jul-19,July,2019,3,Wednesday,2019,7
18-Jul-19,July,2019,3,Thursday,2019,7
19-Jul-19,July,2019,3,Friday,2019,7
20-Jul-19,July,2019,3,Saturday,2019,7
21-Jul-19,July,2019,3,Sunday,2019,7
22-Jul-19,July,2019,3,Monday,2019,7
23-Jul-19,July,2019,3,Tuesday,2019,7
24-Jul-19,July,2019,3,Wednesday,2019,7
25-Jul-19,July,2019,3,Thursday,2019,7
26-Jul-19,July,2019,3,Friday,2019,7
27-Jul-19,July,2019,3,Saturday,2019,7
28-Jul-19,July,2019,3,Sunday,2019,7
29-Jul-19,July,2019,3,Monday,2019,7
30-Jul-19,July,2019,3,Tuesday,2019,7
31-Jul-19,July,2019,3,Wednesday,2019,7
01-Aug-19,August,2019,3,Thursday,2019,8
02-Aug-19,August,2019,3,Friday,2019,8
03-Aug-19,August,2019,3,Saturday,2019,8
04-Aug-19,August,2019,3,Sunday,2019,8
05-Aug-19,August,2019,3,Monday,2019,8
06-Aug-19,August,2019,3,Tuesday,2019,8
07-Aug-19,August,2019,3,Wednesday,2019,8
08-Aug-19,August,2019,3,Thursday,2019,8
09-Aug-19,August,2019,3,Friday,2019,8
10-Aug-19,August,2019,3,Saturday,2019,8
11-Aug-19,August,2019,3,Sunday,2019,8
12-Aug-19,August,2019,3,Monday,2019,8
13-Aug-19,August,2019,3,Tuesday,2019,8
14-Aug-19,August,2019,3,Wednesday,2019,8
15-Aug-19,August,2019,3,Thursday,2019,8
16-Aug-19,August,2019,3,Friday,2019,8
17-Aug-19,August,2019,3,Saturday,2019,8
18-Aug-19,August,2019,3,Sunday,2019,8
19-Aug-19,August,2019,3,Monday,2019,8
20-Aug-19,August,2019,3,Tuesday,2019,8
21-Aug-19,August,2019,3,Wednesday,2019,8
22-Aug-19,August,2019,3,Thursday,2019,8
23-Aug-19,August,2019,3,Friday,2019,8
24-Aug-19,August,2019,3,Saturday,2019,8
25-Aug-19,August,2019,3,Sunday,2019,8
26-Aug-19,August,2019,3,Monday,2019,8
27-Aug-19,August,2019,3,Tuesday,2019,8
28-Aug-19,August,2019,3,Wednesday,2019,8
29-Aug-19,August,2019,3,Thursday,2019,8
30-Aug-19,August,2019,3,Friday,2019,8
31-Aug-19,August,2019,3,Saturday,2019,8
01-Sep-19,September,2019,3,Sunday,2019,9
02-Sep-19,September,2019,3,Monday,2019,9
03-Sep-19,September,2019,3,Tuesday,2019,9
04-Sep-19,September,2019,3,Wednesday,2019,9
05-Sep-19,September,2019,3,Thursday,2019,9
06-Sep-19,September,2019,3,Friday,2019,9
07-Sep-19,September,2019,3,Saturday,2019,9
08-Sep-19,September,2019,3,Sunday,2019,9
09-Sep-19,September,2019,3,Monday,2019,9
10-Sep-19,September,2019,3,Tuesday,2019,9
11-Sep-19,September,2019,3,Wednesday,2019,9
12-Sep-19,September,2019,3,Thursday,2019,9
13-Sep-19,September,2019,3,Friday,2019,9
14-Sep-19,September,2019,3,Saturday,2019,9
15-Sep-19,September,2019,3,Sunday,2019,9
16-Sep-19,September,2019,3,Monday,2019,9
17-Sep-19,September,2019,3,Tuesday,2019,9
18-Sep-19,September,2019,3,Wednesday,2019,9
19-Sep-19,September,2019,3,Thursday,2019,9
20-Sep-19,September,2019,3,Friday,2019,9
21-Sep-19,September,2019,3,Saturday,2019,9
22-Sep-19,September,2019,3,Sunday,2019,9
23-Sep-19,September,2019,3,Monday,2019,9
24-Sep-19,September,2019,3,Tuesday,2019,9
25-Sep-19,September,2019,3,Wednesday,2019,9
26-Sep-19,September,2019,3,Thursday,2019,9
27-Sep-19,September,2019,3,Friday,2019,9
28-Sep-19,September,2019,3,Saturday,2019,9
29-Sep-19,September,2019,3,Sunday,2019,9
30-Sep-19,September,2019,3,Monday,2019,9
01-Oct-19,October,2019,4,Tuesday,2019,10
02-Oct-19,October,2019,4,Wednesday,2019,10
03-Oct-19,October,2019,4,Thursday,2019,10
04-Oct-19,October,2019,4,Friday,2019,10
05-Oct-19,October,2019,4,Saturday,2019,10
06-Oct-19,October,2019,4,Sunday,2019,10
07-Oct-19,October,2019,4,Monday,2019,10
08-Oct-19,October,2019,4,Tuesday,2019,10
09-Oct-19,October,2019,4,Wednesday,2019,10
10-Oct-19,October,2019,4,Thursday,2019,10
11-Oct-19,October,2019,4,Friday,2019,10
12-Oct-19,October,2019,4,Saturday,2019,10
13-Oct-19,October,2019,4,Sunday,2019,10
14-Oct-19,October,2019,4,Monday,2019,10
15-Oct-19,October,2019,4,Tuesday,2019,10
16-Oct-19,October,2019,4,Wednesday,2019,10
17-Oct-19,October,2019,4,Thursday,2019,10
18-Oct-19,October,2019,4,Friday,2019,10
19-Oct-19,October,2019,4,Saturday,2019,10
20-Oct-19,October,2019,4,Sunday,2019,10
21-Oct-19,October,2019,4,Monday,2019,10
22-Oct-19,October,2019,4,Tuesday,2019,10
23-Oct-19,October,2019,4,Wednesday,2019,10
24-Oct-19,October,2019,4,Thursday,2019,10
25-Oct-19,October,2019,4,Friday,2019,10
26-Oct-19,October,2019,4,Saturday,2019,10
27-Oct-19,October,2019,4,Sunday,2019,10
28-Oct-19,October,2019,4,Monday,2019,10
29-Oct-19,October,2019,4,Tuesday,2019,10
30-Oct-19,October,2019,4,Wednesday,2019,10
31-Oct-19,October,2019,4,Thursday,2019,10
01-Nov-19,November,2019,4,Friday,2019,11
02-Nov-19,November,2019,4,Saturday,2019,11
03-Nov-19,November,2019,4,Sunday,2019,11
04-Nov-19,November,2019,4,Monday,2019,11
05-Nov-19,November,2019,4,Tuesday,2019,11
06-Nov-19,November,2019,4,Wednesday,2019,11
07-Nov-19,November,2019,4,Thursday,2019,11
08-Nov-19,November,2019,4,Friday,2019,11
09-Nov-19,November,2019,4,Saturday,2019,11
10-Nov-19,November,2019,4,Sunday,2019,11
11-Nov-19,November,2019,4,Monday,2019,11
12-Nov-19,November,2019,4,Tuesday,2019,11
13-Nov-19,November,2019,4,Wednesday,2019,11
14-Nov-19,November,2019,4,Thursday,2019,11
15-Nov-19,November,2019,4,Friday,2019,11
16-Nov-19,November,2019,4,Saturday,2019,11
17-Nov-19,November,2019,4,Sunday,2019,11
18-Nov-19,November,2019,4,Monday,2019,11
19-Nov-19,November,2019,4,Tuesday,2019,11
20-Nov-19,November,2019,4,Wednesday,2019,11
21-Nov-19,November,2019,4,Thursday,2019,11
22-Nov-19,November,2019,4,Friday,2019,11
23-Nov-19,November,2019,4,Saturday,2019,11
24-Nov-19,November,2019,4,Sunday,2019,11
25-Nov-19,November,2019,4,Monday,2019,11
26-Nov-19,November,2019,4,Tuesday,2019,11
27-Nov-19,November,2019,4,Wednesday,2019,11
28-Nov-19,November,2019,4,Thursday,2019,11
29-Nov-19,November,2019,4,Friday,2019,11
30-Nov-19,November,2019,4,Saturday,2019,11
01-Dec-19,December,2019,4,Sunday,2019,12
02-Dec-19,December,2019,4,Monday,2019,12
03-Dec-19,December,2019,4,Tuesday,2019,12
04-Dec-19,December,2019,4,Wednesday,2019,12
05-Dec-19,December,2019,4,Thursday,2019,12
06-Dec-19,December,2019,4,Friday,2019,12
07-Dec-19,December,2019,4,Saturday,2019,12
08-Dec-19,December,2019,4,Sunday,2019,12
09-Dec-19,December,2019,4,Monday,2019,12
10-Dec-19,December,2019,4,Tuesday,2019,12
11-Dec-19,December,2019,4,Wednesday,2019,12
12-Dec-19,December,2019,4,Thursday,2019,12
13-Dec-19,December,2019,4,Friday,2019,12
14-Dec-19,December,2019,4,Saturday,2019,12
15-Dec-19,December,2019,4,Sunday,2019,12
16-Dec-19,December,2019,4,Monday,2019,12
17-Dec-19,December,2019,4,Tuesday,2019,12
18-Dec-19,December,2019,4,Wednesday,2019,12
19-Dec-19,December,2019,4,Thursday,2019,12
20-Dec-19,December,2019,4,Friday,2019,12
21-Dec-19,December,2019,4,Saturday,2019,12
22-Dec-19,December,2019,4,Sunday,2019,12
23-Dec-19,December,2019,4,Monday,2019,12
24-Dec-19,December,2019,4,Tuesday,2019,12
25-Dec-19,December,2019,4,Wednesday,2019,12
26-Dec-19,December,2019,4,Thursday,2019,12
27-Dec-19,December,2019,4,Friday,2019,12
28-Dec-19,December,2019,4,Saturday,2019,12
29-Dec-19,December,2019,4,Sunday,2019,12
30-Dec-19,December,2019,4,Monday,2019,12
31-Dec-19,December,2019,4,Tuesday,2019,12
08-May-19,May,2019,2,Wednesday,2019,5
09-May-19,May,2019,2,Thursday,2019,5
10-May-19,May,2019,2,Friday,2019,5
11-May-19,May,2019,2,Saturday,2019,5
12-May-19,May,2019,2,Sunday,2019,5
13-May-19,May,2019,2,Monday,2019,5
14-May-19,May,2019,2,Tuesday,2019,5
15-May-19,May,2019,2,Wednesday,2019,5
16-May-19,May,2019,2,Thursday,2019,5
17-May-19,May,2019,2,Friday,2019,5
18-May-19,May,2019,2,Saturday,2019,5
19-May-19,May,2019,2,Sunday,2019,5
20-May-19,May,2019,2,Monday,2019,5
21-May-19,May,2019,2,Tuesday,2019,5
22-May-19,May,2019,2,Wednesday,2019,5
23-May-19,May,2019,2,Thursday,2019,5
24-May-19,May,2019,2,Friday,2019,5
25-May-19,May,2019,2,Saturday,2019,5
26-May-19,May,2019,2,Sunday,2019,5
27-May-19,May,2019,2,Monday,2019,5
28-May-19,May,2019,2,Tuesday,2019,5
29-May-19,May,2019,2,Wednesday,2019,5
30-May-19,May,2019,2,Thursday,2019,5
31-May-19,May,2019,2,Friday,2019,5
01-Jun-19,June,2019,2,Saturday,2019,6
02-Jun-19,June,2019,2,Sunday,2019,6
03-Jun-19,June,2019,2,Monday,2019,6
04-Jun-19,June,2019,2,Tuesday,2019,6
05-Jun-19,June,2019,2,Wednesday,2019,6
06-Jun-19,June,2019,2,Thursday,2019,6
07-Jun-19,June,2019,2,Friday,2019,6
08-Jun-19,June,2019,2,Saturday,2019,6
09-Jun-19,June,2019,2,Sunday,2019,6
10-Jun-19,June,2019,2,Monday,2019,6
11-Jun-19,June,2019,2,Tuesday,2019,6
12-Jun-19,June,2019,2,Wednesday,2019,6
13-Jun-19,June,2019,2,Thursday,2019,6
14-Jun-19,June,2019,2,Friday,2019,6
15-Jun-19,June,2019,2,Saturday,2019,6
16-Jun-19,June,2019,2,Sunday,2019,6
17-Jun-19,June,2019,2,Monday,2019,6
18-Jun-19,June,2019,2,Tuesday,2019,6
19-Jun-19,June,2019,2,Wednesday,2019,6
20-Jun-19,June,2019,2,Thursday,2019,6
21-Jun-19,June,2019,2,Friday,2019,6
22-Jun-19,June,2019,2,Saturday,2019,6
23-Jun-19,June,2019,2,Sunday,2019,6
24-Jun-19,June,2019,2,Monday,2019,6
25-Jun-19,June,2019,2,Tuesday,2019,6
26-Jun-19,June,2019,2,Wednesday,2019,6
27-Jun-19,June,2019,2,Thursday,2019,6
28-Jun-19,June,2019,2,Friday,2019,6
29-Jun-19,June,2019,2,Saturday,2019,6
30-Jun-19,June,2019,2,Sunday,2019,6
01-Apr-24,April,2024,2,Monday,2024,4
02-Apr-24,April,2024,2,Tuesday,2024,4
03-Apr-24,April,2024,2,Wednesday,2024,4
04-Apr-24,April,2024,2,Thursday,2024,4
05-Apr-24,April,2024,2,Friday,2024,4
06-Apr-24,April,2024,2,Saturday,2024,4
07-Apr-24,April,2024,2,Sunday,2024,4
08-Apr-24,April,2024,2,Monday,2024,4
09-Apr-24,April,2024,2,Tuesday,2024,4
10-Apr-24,April,2024,2,Wednesday,2024,4
11-Apr-24,April,2024,2,Thursday,2024,4
12-Apr-24,April,2024,2,Friday,2024,4
13-Apr-24,April,2024,2,Saturday,2024,4
14-Apr-24,April,2024,2,Sunday,2024,4
15-Apr-24,April,2024,2,Monday,2024,4
16-Apr-24,April,2024,2,Tuesday,2024,4
17-Apr-24,April,2024,2,Wednesday,2024,4
18-Apr-24,April,2024,2,Thursday,2024,4
19-Apr-24,April,2024,2,Friday,2024,4
20-Apr-24,April,2024,2,Saturday,2024,4
21-Apr-24,April,2024,2,Sunday,2024,4
22-Apr-24,April,2024,2,Monday,2024,4
23-Apr-24,April,2024,2,Tuesday,2024,4
24-Apr-24,April,2024,2,Wednesday,2024,4
25-Apr-24,April,2024,2,Thursday,2024,4
26-Apr-24,April,2024,2,Friday,2024,4
27-Apr-24,April,2024,2,Saturday,2024,4
28-Apr-24,April,2024,2,Sunday,2024,4
29-Apr-24,April,2024,2,Monday,2024,4
30-Apr-24,April,2024,2,Tuesday,2024,4
01-May-24,May,2024,2,Wednesday,2024,5
02-May-24,May,2024,2,Thursday,2024,5
03-May-24,May,2024,2,Friday,2024,5
04-May-24,May,2024,2,Saturday,2024,5
05-May-24,May,2024,2,Sunday,2024,5
06-May-24,May,2024,2,Monday,2024,5
07-May-24,May,2024,2,Tuesday,2024,5
01-Jan-24,January,2024,1,Monday,2024,1
02-Jan-24,January,2024,1,Tuesday,2024,1
03-Jan-24,January,2024,1,Wednesday,2024,1
04-Jan-24,January,2024,1,Thursday,2024,1
05-Jan-24,January,2024,1,Friday,2024,1
06-Jan-24,January,2024,1,Saturday,2024,1
07-Jan-24,January,2024,1,Sunday,2024,1
08-Jan-24,January,2024,1,Monday,2024,1
09-Jan-24,January,2024,1,Tuesday,2024,1
10-Jan-24,January,2024,1,Wednesday,2024,1
11-Jan-24,January,2024,1,Thursday,2024,1
12-Jan-24,January,2024,1,Friday,2024,1
13-Jan-24,January,2024,1,Saturday,2024,1
14-Jan-24,January,2024,1,Sunday,2024,1
15-Jan-24,January,2024,1,Monday,2024,1
16-Jan-24,January,2024,1,Tuesday,2024,1
17-Jan-24,January,2024,1,Wednesday,2024,1
18-Jan-24,January,2024,1,Thursday,2024,1
19-Jan-24,January,2024,1,Friday,2024,1
20-Jan-24,January,2024,1,Saturday,2024,1
21-Jan-24,January,2024,1,Sunday,2024,1
22-Jan-24,January,2024,1,Monday,2024,1
23-Jan-24,January,2024,1,Tuesday,2024,1
24-Jan-24,January,2024,1,Wednesday,2024,1
25-Jan-24,January,2024,1,Thursday,2024,1
26-Jan-24,January,2024,1,Friday,2024,1
27-Jan-24,January,2024,1,Saturday,2024,1
28-Jan-24,January,2024,1,Sunday,2024,1
29-Jan-24,January,2024,1,Monday,2024,1
30-Jan-24,January,2024,1,Tuesday,2024,1
31-Jan-24,January,2024,1,Wednesday,2024,1
01-Feb-24,February,2024,1,Thursday,2024,2
02-Feb-24,February,2024,1,Friday,2024,2
03-Feb-24,February,2024,1,Saturday,2024,2
04-Feb-24,February,2024,1,Sunday,2024,2
05-Feb-24,February,2024,1,Monday,2024,2
06-Feb-24,February,2024,1,Tuesday,2024,2
07-Feb-24,February,2024,1,Wednesday,2024,2
08-Feb-24,February,2024,1,Thursday,2024,2
09-Feb-24,February,2024,1,Friday,2024,2
10-Feb-24,February,2024,1,Saturday,2024,2
11-Feb-24,February,2024,1,Sunday,2024,2
12-Feb-24,February,2024,1,Monday,2024,2
13-Feb-24,February,2024,1,Tuesday,2024,2
14-Feb-24,February,2024,1,Wednesday,2024,2
15-Feb-24,February,2024,1,Thursday,2024,2
16-Feb-24,February,2024,1,Friday,2024,2
17-Feb-24,February,2024,1,Saturday,2024,2
18-Feb-24,February,2024,1,Sunday,2024,2
19-Feb-24,February,2024,1,Monday,2024,2
20-Feb-24,February,2024,1,Tuesday,2024,2
21-Feb-24,February,2024,1,Wednesday,2024,2
22-Feb-24,February,2024,1,Thursday,2024,2
23-Feb-24,February,2024,1,Friday,2024,2
24-Feb-24,February,2024,1,Saturday,2024,2
25-Feb-24,February,2024,1,Sunday,2024,2
26-Feb-24,February,2024,1,Monday,2024,2
27-Feb-24,February,2024,1,Tuesday,2024,2
28-Feb-24,February,2024,1,Wednesday,2024,2
29-Feb-24,February,2024,1,Thursday,2024,2
01-Mar-24,March,2024,1,Friday,2024,3
02-Mar-24,March,2024,1,Saturday,2024,3
03-Mar-24,March,2024,1,Sunday,2024,3
04-Mar-24,March,2024,1,Monday,2024,3
05-Mar-24,March,2024,1,Tuesday,2024,3
06-Mar-24,March,2024,1,Wednesday,2024,3
07-Mar-24,March,2024,1,Thursday,2024,3
08-Mar-24,March,2024,1,Friday,2024,3
09-Mar-24,March,2024,1,Saturday,2024,3
10-Mar-24,March,2024,1,Sunday,2024,3
11-Mar-24,March,2024,1,Monday,2024,3
12-Mar-24,March,2024,1,Tuesday,2024,3
13-Mar-24,March,2024,1,Wednesday,2024,3
14-Mar-24,March,2024,1,Thursday,2024,3
15-Mar-24,March,2024,1,Friday,2024,3
16-Mar-24,March,2024,1,Saturday,2024,3
17-Mar-24,March,2024,1,Sunday,2024,3
18-Mar-24,March,2024,1,Monday,2024,3
19-Mar-24,March,2024,1,Tuesday,2024,3
20-Mar-24,March,2024,1,Wednesday,2024,3
21-Mar-24,March,2024,1,Thursday,2024,3
22-Mar-24,March,2024,1,Friday,2024,3
23-Mar-24,March,2024,1,Saturday,2024,3
24-Mar-24,March,2024,1,Sunday,2024,3
25-Mar-24,March,2024,1,Monday,2024,3
26-Mar-24,March,2024,1,Tuesday,2024,3
27-Mar-24,March,2024,1,Wednesday,2024,3
28-Mar-24,March,2024,1,Thursday,2024,3
29-Mar-24,March,2024,1,Friday,2024,3
30-Mar-24,March,2024,1,Saturday,2024,3
31-Mar-24,March,2024,1,Sunday,2024,3
